other_links.entity_id	Full name	First name	Last name	Knowledge Network	SocialPolitical Network	Religious Network	Gender	AuthorEditor Network	Language Network	Column
46695.0	Fabio Albergati	Fabio	Albergati			Catholic,Catholic_clergy,Catholic_clergy_jesuit	Male	Author	italian	
46696.0	Pope (Fabio Chigi) Alexander VII	Pope (Fabio Chigi)	Alexander VII	poetry	elite,government,government_leadership,government_major ruling family,nobility	Catholic,Catholic_clergy,Catholic_clergy_leadership	Male	Author	latin, italian	
46697.0	Michele d' Asquier	Michele d'	Asquier		professional,professional_interpreter	Catholic	Male		italian	
46698.0	Duke of Braunschweig-Lüneburg August	Duke of Braunschweig-Lüneburg	August		elite,government,government_leadership,government_major ruling family,nobility	Protestant	Male		latin, german	
46699.0	Girolamo Boncompagni	Girolamo	Boncompagni		elite,government,government_leadership,nobility	Catholic,Catholic_clergy,Catholic_clergy_leadership	Male	Author	italian	
46700.0	Gaspar de Peñaranda (Guzmán) de Bracamonte	Gaspar de	Peñaranda (Guzmán) de Bracamonte		elite,government,government_leadership,nobility	Catholic	Male		spanish	
46701.0	Francesco Maria Brancacci	Francesco Maria	Brancacci	religion	elite,government,government_leadership,nobility	Catholic,Catholic_clergy,Catholic_clergy_leadership	Male	Author	italian, latin	
46702.0	Juan Caramuel Lobkowic	Juan	Caramuel Lobkowic	poetry,natural philosophy,antiquarianism,religion,other	elite,government,government_leadership,nobility	Catholic,Catholic_clergy,Catholic_clergy_leadership	Male	Author	latin, kircher's universal language, spanish,hebrew, italian, german, czech,french,arabic	
46703.0	Karl Kaspar von der Leyen	Karl Kaspar von der	Leyen		elite,government,government_leadership,government_major ruling family,nobility	Catholic,Catholic_clergy,Catholic_clergy_leadership	Male		latin	
46705.0	Duke of Schleswig-Holstein Christian August	Duke of Schleswig-Holstein	Christian August		elite,government,government_leadership,government_major ruling family,nobility	Protestant	Male		italian, latin	
46706.0	Queen of Sweden Christina	Queen of Sweden	Christina		elite,government,government_leadership,government_major ruling family,nobility	Catholic,Catholic_convert	Female	Author	italian, german	
46707.0	Carlo Conti	Carlo	Conti		elite,government,government_leadership,nobility	Catholic,Catholic_clergy,Catholic_clergy_leadership	Male		latin, italian	
46708.0	Princess of Lichtenstein Dorothea	Princess of Lichtenstein	Dorothea		elite,government,government_leadership,government_major ruling family,nobility	Catholic	Female		german	
46709.0	Johann Eissert	Johann	Eissert		clergy,clergy_jesuit	Catholic,Catholic_clergy,Catholic_clergy_jesuit	Male		latin	
46710.0	Duke of Savoy Carlo Emanuele II	Duke of Savoy	Carlo Emanuele II		elite,government,government_leadership,government_major ruling family,nobility	Catholic	Male		italian	
46711.0	Ernst Adalbert von Harrach	Ernst Adalbert von	Harrach		elite,government,government_leadership,nobility	Catholic,Catholic_clergy,Catholic_clergy_leadership	Male	Author	latin	
46712.0	Johann Heinrich von Kielmannseck	Johann Heinrich von	Kielmannseck		elite,government,government_leadership,nobility	Catholic	Male		latin	
46713.0	Cesare Facchinetti	Cesare	Facchinetti		elite,government,government_leadership,nobility	Catholic,Catholic_clergy,Catholic_clergy_leadership	Male	Author	italian	
46714.0	Prince of Lichtenstein Ferdinand Johann	Prince of Lichtenstein	Ferdinand Johann		elite,government,government_leadership,government_major ruling family,nobility	Catholic	Male		italian, latin, german	
46715.0	Elector of Bavaria Ferdinand Maria	Elector of Bavaria	Ferdinand Maria		elite,government,government_leadership,government_major ruling family,nobility	Catholic	Male	Author	latin	
46716.0	Ferdinando Giovanni di Gonzaga	Ferdinando Giovanni di	Gonzaga		elite,government,government_leadership,nobility	Catholic	Male		italian	
46717.0	Grand Duke of Tuscany Ferdinando II de' Medici	Grand Duke of Tuscany	Ferdinando II de' Medici		elite,government,government_leadership,government_major ruling family,nobility	Catholic	Male		italian	
46718.0	Prince of Tunis Filippo Carlo (Mahamet Chelebi)	Prince of Tunis	Filippo Carlo (Mahamet Chelebi)		elite,government,government_leadership,government_major ruling family,nobility	Muslim	Male		italian	
46719.0	Elector of Saxony Franz Ertmann	Elector of Saxony			elite,government,government_leadership,government_major ruling family,nobility	Protestant	Male		latin, italian	
46722.0	Jodwig Höpffner	Jodwig	Höpffner		government,government_leadership	Catholic	Male		latin	
46723.0	Johann Baptist van Hollant	Johann Baptist van	Hollant			Catholic,Catholic_clergy,Catholic_clergy_jesuit	Male		latin	
46724.0	Elector of the Palatinate Karl I Ludwig	Elector of the Palatinate	Karl I Ludwig		elite,government,government_leadership,government_major ruling family,nobility	Protestant	Male		latin	
46725.0	Archduke of Austria Joseph Karl	Archduke of Austria	Joseph Karl		elite,government,government_leadership,government_major ruling family,nobility	Catholic	Male		latin	
46726.0	Godefrid Alois Kinner von Löwenthurm	Godefrid Alois	Kinner von Löwenthurm	natural philosophy	professional,professional_academic	Catholic	Male	Author	latin	
46728.0	Leopold von Kollonich (Kollonitz)	Leopold von	Kollonich (Kollonitz)		elite,government,government_leadership,nobility	Catholic,Catholic_clergy,Catholic_clergy_leadership	Male		latin, italian	
46729.0	Archduke of Austria Leopold Wilhelm	Archduke of Austria	Leopold Wilhelm		elite,government,government_leadership,government_major ruling family,nobility	Catholic	Male		latin	
46730.0	Alfonso Letta	Alfonso	Letta		elite,government,government_leadership,nobility	Catholic,Catholic_clergy,Catholic_clergy_leadership	Male		italian	
46731.0	Stanislas Lubienietzki	Stanislas	Lubienietzki	natural philosophy,antiquarianism,religion		Protestant	Male	Author	latin	
46732.0	Francesco Manuele Melos	Francesco Manuele	Melos	poetry,antiquarianism,religion	elite,government,nobility	Catholic	Male	Author	italian	
46733.0	Bernhard Ignaz von Martinitz	Bernhard Ignaz von	Martinitz		elite,government,government_leadership,nobility	Catholic	Male		latin, italian	
46734.0	Maximilian Guidobald von Martinitz	Maximilian Guidobald von	Martinitz		elite,government,government_leadership,nobility	Catholic	Male		latin	
46735.0	Elector of Cologne Maximilian Heinrich	Elector of Cologne	Maximilian Heinrich		elite,government,government_leadership,government_major ruling family,nobility	Catholic	Male		latin	
46736.0	Giancarlo de' Medici	Giancarlo de'	Medici		elite,government,government_leadership,government_major ruling family,nobility	Catholic,Catholic_clergy,Catholic_clergy_leadership	Male		italian	
46737.0	Philipp Müller (Miller)	Philipp	Müller (Miller)			Catholic,Catholic_clergy,Catholic_clergy_confessor,Catholic_clergy_jesuit	Male		latin	
46738.0	Ferenc von Nádasdy	Ferenc von	Nádasdy		elite,government,government_leadership,nobility	Protestant	Male	Author	latin	
46739.0	Filippo Nardi	Filippo	Nardi				Male	Author	italian	
46740.0	Wilderich von Walderdorff	Wilderich von	Walderdorff		elite,government,government_leadership,nobility	Catholic,Catholic_clergy,Catholic_clergy_leadership	Male	Author	latin	
46741.0	Francisco (alias François Giliot) Ximénez	Francisco (alias François Giliot)	Ximénez	travel,antiquarianism		Catholic,Catholic_clergy	Male	Author	latin	
46742.0	Holy Roman Emperor Leopold I	Holy Roman Emperor	Leopold I		elite,government,government_leadership,government_major ruling family,nobility	Catholic	Male		latin	
46744.0	Leopoldo de' Medici	Leopoldo de'	Medici		government,government_leadership,government_major ruling family,nobility	Catholic,Catholic_clergy,Catholic_clergy_leadership	Male		italian	
46746.0	Alejandro Fabián	Alejandro	Fabián			Catholic,Catholic_clergy,Catholic_clergy_jesuit	Male		spanish	
46747.0	Jacopo Nini	Jacopo	Nini		elite,government,government_leadership,nobility	Catholic,Catholic_clergy,Catholic_clergy_leadership	Male		italian	
46748.0	Johannes Grueber	Johannes	Grueber	travel		Catholic ,Catholic_clergy,Catholic_clergy_jesuit	Male	Author	latin	
46749.0	Prince Elector of Saxony Johann Georg	Prince Elector of Saxony	Johann Georg		elite,government,government_leadership,government_major ruling family,nobility	Protestant	Male		latin, german	
46750.0	Duke of Mantua Carlo II di Gonzaga Nevers	Duke of Mantua	Carlo II di Gonzaga Nevers		elite,government,government_leadership,government_major ruling family,nobility	Catholic	Male		italian	
46751.0	Francesco Pizzoni	Francesco	Pizzoni			Catholic,Catholic_clergy,Catholic_clergy_jesuit	Male		latin	
46755.0	Niels Stensen	Niels	Stensen	natural philosophy	professional,professional_physician,government,government_leadership	Catholic,Catholic_convert,Catholic_clergy,Catholic_clergy_leadership	Male	Author	italian, latin	
46756.0	Giovanni Paolo Oliva	Giovanni Paolo	Oliva		government,government_leadership	Catholic,Catholic_clergy,Catholic_clergy_leadership,Catholic_clergy_jesuit	Male	Author	latin	
46757.0	Giuseppe Antonio Petrucci	Giuseppe Antonio	Petrucci			Catholic,Catholic_clergy,Catholic_clergy_jesuit	Male		italian	
46759.0	Carlo Calà	Carlo	Calà	antiquarianism,other	elite,government,government_leadership,nobility	Catholic	Male	Author	italian, latin	
46762.0	Francesco Pianezza	Francesco	Pianezza		elite,government,government_leadership,nobility	Catholic	Male		italian	
46765.0	Giambattista Riccioli	Giambattista	Riccioli	natural philosophy		Catholic,Catholic_clergy,Catholic_clergy_jesuit	Male	Author	italian, latin	
46778.0	Nicasio Panaioti	Nicasio	Panaioti		professional,professional_interpreter		Male		italian	
46780.0	Duke of [unidentified] Bovino	Duke of [unidentified]	Bovino		elite,government,government_leadership,nobility	Catholic	Male		italian	
46782.0	Ulrich Gering	Ulrich	Gering			Catholic,Catholic_clergy,Catholic_clergy_jesuit	Male		latin	
46784.0	Cassiano Dal Pozzo	Cassiano	Dal Pozzo	natural philosophy,antiquarianism	elite,government,government_leadership,nobility	Catholic	Male		italian	
46795.0	Monsignor Menssonnier	Monsignor	Menssonnier		elite,government,government_leadership,nobility	Catholic,Catholic_clergy,Catholic_clergy_leadership	Male		latin	
46796.0	Johann Schega	Johann	Schega			Catholic,Catholic_clergy,Catholic_clergy_confessor,Catholic_clergy_jesuit	Male		latin	
46797.0	Giulio Banfi (Palfi)	Giulio	Banfi (Palfi)	music	professional,professional_composer	Catholic	Male		italian	
46800.0	Christoph Schorrer	Christoph	Schorrer	religion		Catholic,Catholic_clergy,Catholic_clergy_jesuit	Male	Author	latin	
46801.0	Jan Marcus Marci of Kronland	Jan Marcus	Marci of Kronland	natural philosophy	professional,professional_physician	Catholic	Male	Author	latin	
46802.0	Lodewijk Kras (Crasius)	Lodewijk	Kras (Crasius)		professional,professional_book agent	Catholic,Catholic_clergy,Catholic_clergy_jesuit	Male	Author	latin	
46803.0	Desiderio Montemagno	Desiderio	Montemagno		elite,government	Catholic	Male	Author	italian	
46804.0	Duke of Braunschweig-Lüneburg Ferdinand Albrecht	Duke of Braunschweig-Lüneburg	Ferdinand Albrecht	travel	elite,government,government_leadership,government_major ruling family,nobility	Protestant	Male	Author	latin	
46807.0	Duke of Braunschweig-Lüneburg Johann Friedrich	Duke of Braunschweig-Lüneburg	Johann Friedrich		elite,government,government_leadership,government_major ruling family,nobility	Catholic,Catholic_convert	Male		italian, german	
46814.0	Martino Martini (de Martinis)	Martino	Martini (de Martinis)	travel,antiquarianism,natural philosophy,religion		Catholic,Catholic_clergy,Catholic_clergy_jesuit	Male	Author	latin, italian	
46815.0	Holy Roman Emperor Ferdinand III	Holy Roman Emperor	Ferdinand III		elite,government,government_leadership,government_major ruling family,nobility	Catholic	Male		latin, german	
46816.0	Mattias de' Medici	Mattias de'	Medici		elite,government,government_leadership,government_major ruling family,nobility	Catholic	Male		italian	
46817.0	Duke of Modena Alfonso IV	Duke of Modena	Alfonso IV		elite,government,government_leadership,government_major ruling family,nobility	Catholic	Male		italian	
46818.0	Duke of Schleswig-Holstein Friedrich Johannes	Duke of Schleswig-Holstein	Friedrich Johannes		elite,government,government_leadership,government_major ruling family,nobility	Protestant	Male		latin	
46819.0	Francesco Barberini	Francesco	Barberini	other	elite,government,government_leadership,government_major ruling family,nobility	Catholic,Catholic_clergy,Catholic_clergy_leadership	Male		latin	
46820.0	Landgrave of Hesse-Darmstadt Friedrich	Landgrave of Hesse-Darmstadt	Friedrich		elite,government,government_leadership,government_major ruling family,nobility	Catholic,Catholic_convert,Catholic_clergy,Catholic_clergy_leadership	Male		italian, german, latin	
46821.0	Duke of Schleswig-Holstein Johann Adolph	Duke of Schleswig-Holstein	Johann Adolph		elite,government,government_leadership,government_major ruling family,nobility	Protestant	Male		italian	
46822.0	Joseph Marie Suáres	Joseph Marie	Suáres	antiquarianism,religion	elite,government,government_leadership	Catholic,Catholic_clergy,Catholic_clergy_leadership	Male	Author	latin	
46823.0	Stanislas Pstrokonski	Stanislas	Pstrokonski		elite,government,government_leadership	Catholic,Catholic_clergy,Catholic_clergy_leadership	Male		latin	
46824.0	Domenico Blandizzi	Domenico	Blandizzi		elite,government,government_leadership	Catholic,Catholic_clergy,Catholic_clergy_leadership	Male		italian	
46825.0	Claudio Marazzani Visconti	Claudio	Marazzani Visconti	poetry	elite,government,government_leadership,nobility	Catholic,Catholic_clergy,Catholic_clergy_leadership	Male	Author	italian	
46826.0	Carlo Ottone	Carlo	Ottone		elite,government,government_leadership,nobility	Catholic,Catholic_clergy,Catholic_clergy_leadership	Male		italian	
46827.0	Carbone Delmona	Carbone	Delmona				Male		italian	
46828.0	Giuseppe della Corgna	Giuseppe della	Corgna		elite,government,government_leadership	Catholic,Catholic_clergy,Catholic_clergy_leadership	Male	Author	italian	
46829.0	Pope (Antonio Pignatelli) Innocent XII	Pope (Antonio Pignatelli)	Innocent XII		elite,government,government_leadership,government_major ruling family,nobility	Catholic,Catholic_clergy,Catholic_clergy_leadership	Male		italian	
46830.0	Monsignor Salvetti	Monsignor	Salvetti		elite,government,government_leadership	Catholic,Catholic_clergy,Catholic_clergy_leadership	Male		italian	
46831.0	Sebastian Denich	Sebastian	Denich		elite,government,government_leadership	Catholic,Catholic_clergy,Catholic_clergy_leadership	Male	Author	latin	
46832.0	Hermann Georg von Neuhoff	Hermann Georg von	Neuhoff		elite,government,government_leadership,nobility	Catholic,Catholic_clergy,Catholic_clergy_leadership	Male		latin	
46833.0	Joachim von Gravenegg	Joachim von	Gravenegg		elite,government,government_leadership,government_major ruling family,nobility	Catholic,Catholic_clergy,Catholic_clergy_leadership	Male	Author	latin, german	
46834.0	Johann Weickard von Auersperg	Johann Weickard von	Auersperg		elite,government,government_leadership,nobility	Catholic,Catholic_convert	Male		latin	
46835.0	Duke of Mecklenburg-Güstrow Gustav Adolf	Duke of Mecklenburg-Güstrow	Gustav Adolf		elite,government,government_leadership,government_major ruling family,nobility	Protestant	Male		latin	
46836.0	Prince of the Palatinate Christian August	Prince of the Palatinate	Christian August		elite,government,government_leadership,government_major ruling family,nobility	Catholic,Catholic_convert	Male		latin	
46838.0	da Treviso Leli	da Treviso	Leli			Catholic,Catholic_clergy	Male		italian	
46839.0	Johann Maximilian Lamberg	Johann Maximilian	Lamberg		elite,government,government_leadership,nobility	Catholic	Male		latin, italian	
46840.0	Prince of Valletano	Prince of	Valletano		elite,government,government_leadership,nobility	Catholic	Male		italian	
46841.0	Giovanni Casimiro	Giovanni	Casimiro			Catholic,Catholic_clergy,Catholic_clergy_jesuit	Male		italian	
46842.0	Jean Paul de Lascaris-Castellar	Jean Paul de	Lascaris-Castellar		elite,government,government_leadership	Catholic,Catholic_clergy,Catholic_clergy_leadership	Male		italian	
46843.0	Count of  S. Bonifazio Borso	Count of  S. Bonifazio	Borso		elite,government,government_leadership,nobility	Catholic	Male		italian	
46844.0	[unidentified] Salaresco	[unidentified]	Salaresco				Male		italian	
46845.0	Lazarus von Henckel	Lazarus von	Henckel		elite,government,government_leadership,nobility	Catholic	Male		german	
46846.0	Christoph von Rantzau	Christoph von	Rantzau		elite,government,government_leadership,nobility	Catholic,Catholic_convert	Male		latin, german	
46847.0	Tito Livio Burattini	Tito Livio	Burattini	travel,other	professional,professional_architect,professional_engineer,professional_instrument maker	Catholic	Male	Author	italian, latin	
46850.0	Giacomo Bonvicino	Giacomo	Bonvicino	natural philosophy		Catholic,Catholic_clergy,Catholic_clergy_jesuit  	Male		italian, latin	
46851.0	Karl Ignaz von Sternberg	Karl Ignaz  von	Sternberg		elite,government,government_leadership,nobility	Catholic	Male		latin	
46852.0	Ottavio Piccolomini-Pieri	Ottavio	Piccolomini-Pieri		elite,government,government_leadership,nobility	Catholic	Male		italian	
46857.0	Francesco Abegra	Francesco	Abegra			Catholic,Catholic_clergy,Catholic_clergy_jesuit  	Male		latin	
46861.0	Francesco Agricoletti	Francesco	Agricoletti	antiquarianism		Catholic	Male	Author	latin, italian	
46862.0	Karl Gottlieb von Aichpichl	Karl Gottlieb von	Aichpichl		elite,government,government_leadership,nobility	Catholic	Male		latin	
46863.0	Adam Aigenler	Adam	Aigenler	antiquarianism,natural philosophy,other		Catholic,Catholic_clergy,Catholic_clergy_jesuit  	Male	Author	latin	
46864.0	Bartolomeo Alberti	Bartolomeo	Alberti			Catholic,Catholic_clergy,Catholic_clergy_jesuit  	Male	Author	latin	
46865.0	Franz Albrecht	Franz	Albrecht			Catholic,Catholic_clergy,Catholic_clergy_jesuit  	Male		italian,greek,german	
46866.0	Orazio Albizzi	Orazio	Albizzi		government,government_leadership,nobility	Catholic,Catholic_clergy,Catholic_clergy_leadership	Male		italian	
46867.0	Vincenzo Alias	Vincenzo	Alias			Catholic,Catholic_clergy,Catholic_clergy_jesuit  	Male		latin	
46868.0	James Allestree	James	Allestree		professional,professional_bookseller		Male		italian	
46869.0	Maria Eustachia von Althann	Maria Eustachia von	Althann		elite,government,government_leadership,nobility	Catholic	Female		german	
46870.0	Odoardo  Altham	Odoardo 	Altham		professional,professional_painter	Catholic	Male		italian	
46871.0	Johann Altingh	Johann	Altingh			Catholic,Catholic_clergy,Catholic_clergy_jesuit  	Male		latin	
46872.0	Johann Ambsterbach	Johann	Ambsterbach				Male		latin	
46873.0	Friedrich Ampringer	Friedrich	Ampringer			Catholic,Catholic_clergy,Catholic_clergy_jesuit  	Male		latin	
46874.0	Johann Georg Anckel	Johann Georg	Anckel		professional,professional_book agent,professional_librarian	Protestant	Male		german	
46875.0	Alexander Andreas	Alexander	Andreas				Male		latin	
46876.0	François Annat	François	Annat	religion,other		Catholic,Catholic_clergy,Catholic_clergy_jesuit,Catholic_clergy_confessor  	Male	Author	italian	
46879.0	Angelico Aprosi	Angelico	Aprosi	antiquarianism,other		Catholic,Catholic_clergy	Male	Author	italian	
46880.0	Antonio Aradz	Antonio	Aradz			Catholic,Catholic_clergy,Catholic_clergy_jesuit  	Male		latin	
46881.0	Antonio Arcamone	Antonio	Arcamone			Catholic,Catholic_clergy,Catholic_clergy_jesuit  	Male		italian	
46882.0	Wenzel (Wenceslaus) Ardensbach von Ardensdorff	Wenzel (Wenceslaus)	Ardensbach von Ardensdorff	natural philosophy	professional,professional_physician	Catholic	Male		latin, italian	
46883.0	Alessandro Argoli	Alessandro	Argoli		elite,government,government_leadership	Catholic,Catholic_clergy,Catholic_clergy_leadership	Male		italian	
46886.0	Cristoforo Auria	Cristoforo	Auria				Male		latin	
46887.0	Vincenzo Auria	Vincenzo	Auria	antiquarianism,poetry	professional,professional_lawyer	Catholic	Male	Author	italian	
46888.0	Giovanni Aziccio	Giovanni	Aziccio				Male		latin	
46889.0	Salomon Azubi	Salomon	Azubi			Jewish	Male		latin,hebrew,arabic, hebrew	
46890.0	Giambattista Balatri	Giambattista	Balatri	other	professional,professional_architect	Catholic	Male		italian	
46891.0	Filippo Baldinucci	Filippo	Baldinucci	antiquarianism	professional,professional_curator	Catholic	Male	Author	italian	
46892.0	Baldassare Ballone	Baldassare	Ballone				Male		italian	
46893.0	Johann Balthasar	Johann	Balthasar				Male		latin, italian	
46894.0	Gregorio Barbarigo	Gregorio	Barbarigo		government,government_leadership,nobility	Catholic,Catholic_clergy,Catholic_clergy_leadership	Male		italian	
46895.0	Domingo Barboza	Domingo	Barboza			Catholic,Catholic_clergy,Catholic_clergy_jesuit  	Male		latin	
46896.0	Girolamo Bardi	Girolamo	Bardi			Catholic,Catholic_clergy	Male	Author	italian, latin	
46897.0	Georg Barschius	Georg	Barschius	natural philosophy	professional,professional_alchemist	Catholic	Male		latin	
46898.0	Bertel Bartholin	Bertel	Bartholin	antiquarianism	professional,professional_academic	Protestant	Male	Author	latin	
46900.0	Alexandre Barvoet	Alexandre	Barvoet			Catholic,Catholic_clergy,Catholic_clergy_jesuit  	Male	Author	latin	
46901.0	Chevalier de Beauchamps	Chevalier de	Beauchamps		nobility		Male		italian	
46902.0	Philippe Bebius	Philippe	Bebius			Catholic,Catholic_clergy,Catholic_clergy_jesuit  	Male	Author	latin	
46903.0	Theodoric Becher	Theodoric	Becher			Catholic,Catholic_clergy,Catholic_clergy_jesuit  	Male		latin	
46904.0	Johann Beirlé	Johann	Beirlé			Catholic,Catholic_clergy,Catholic_clergy_jesuit  	Male		latin	
46906.0	Giovanni Berardo	Giovanni	Berardo			Catholic,Catholic_clergy,Catholic_clergy_jesuit  	Male		italian	
46907.0	Vitus Bering	Vitus	Bering			Catholic,Catholic_clergy,Catholic_clergy_jesuit  	Male		latin	
46909.0	Margrave of Baden Bernhard Gustav	Margrave of Baden	Bernhard Gustav		elite,government,government_leadership,government_major ruling family,nobility	Catholic,Catholic_clergy,Catholic_clergy_leadership	Male		latin	
46911.0	Sophia Anna Bernhardi	Sophia Anna	Bernhardi	poetry	elite,nobility	Catholic	Female	Author	latin	
46912.0	Martin Bernitz	Martin	Bernitz	natural philosophy	professional,professional_physician,professional_botanist	Catholic	Male	Author	latin	
46913.0	Johann Berthold	Johann	Berthold			Catholic,Catholic_clergy,Catholic_clergy_jesuit  	Male		latin	
46914.0	Mario Bettini	Mario	Bettini	natural philosophy		Catholic,Catholic_clergy,Catholic_clergy_jesuit  	Male	Author	italian	
46915.0	Martin Bever	Martin	Beverin		government,elite	Catholic,Catholic_clergy	Male		latin	
46916.0	Nithard Biber	Nithard	Biber			Catholic,Catholic_clergy,Catholic_clergy_jesuit  	Male		latin	
46917.0	Ernst Bidermann	Ernst	Bidermann			Catholic,Catholic_clergy,Catholic_clergy_jesuit  	Male	Author	latin	
46918.0	Lambert Bidloo	Lambert	Bidloo	natural philosophy	professional,professional_apothecary	Protestant	Male	Author	latin	
46920.0	Hermann von Biesenrodt	Hermann von	Biesenrodt				Male		latin	
46921.0	Ludwig Bildstein	Ludwig	Bildstein			Catholic,Catholic_clergy	Male		latin	
46922.0	Jacques de Billy	Jacques de	Billy	natural philosophy		Catholic,Catholic_clergy,Catholic_clergy_jesuit  	Male	Author	latin	
46923.0	Giambattista Bindi	Giambattista	Bindi	natural philosophy	professional,professional_physician		Male		latin	
46924.0	Hans Blaew	Hans	Blaew				Male		latin	
46925.0	Heinrich Julius von Blume	Heinrich Julius von	Blume		professional,professional_archivist	Catholic,Catholic_convert	Male	Author	latin	
46926.0	Paolo Boccone	Paolo	Boccone	natural philosophy		Catholic,Catholic_clergy	Male	Author	italian	
46927.0	Daniel Bockelmann	Daniel	Bockelmann			Catholic,Catholic_clergy	Male		latin	
46928.0	Johann Christian von Bömeburg	Johann Christian von	Bömeburg		elite,government,government_leadership,nobility	Catholic,Catholic_convert	Male	Author	latin, dutch	
46929.0	Claude Boissin	Claude	Boissin		government,government_leadership	Catholic	Male		italian	
46930.0	Jean Bolland (Johannes Bolland)	Jean	Bolland	religion		Catholic,Catholic_clergy,Catholic_clergy_jesuit  	Male	Author	latin	
46931.0	Johannes Bollius	Johannes	Bollius				Male		latin	
46932.0	David Bartholomé Bonamour	David Bartholomé	Bonamour			Catholic,Catholic_clergy,Catholic_clergy_jesuit  	Male		greek	
46934.0	Onuphrius Borges (Bürgin)	Onuphrius	Borges (Bürgin)			Catholic,Catholic_clergy,Catholic_clergy_jesuit  	Male		latin	
46935.0	Pierre Bourdin	Pierre	Bourdin			Catholic,Catholic_clergy,Catholic_clergy_jesuit  	Male		latin	
46940.0	Niccolò Brignone	Niccolò	Brignone				Male		italian	
46942.0	Louis Brouzet	Louis	Brouzet			Catholic,Catholic_clergy,Catholic_clergy_jesuit  	Male			
46943.0	Claude Simon Brun	Claude Simon	Brun			Catholic,Catholic_clergy,Catholic_clergy_jesuit  	Male		latin	
46945.0	Domenico Brunacci	Domenico	Brunacci			Catholic,Catholic_clergy,Catholic_clergy_jesuit  	Male		italian	
46946.0	Giovanni Francesco Buonamici	Giovanni Francesco	Buonamici	natural philosophy	professional,professional_physician		Male		latin	
46947.0	Francesco Buonarotti	Francesco	Buonarotti			Catholic,Catholic_clergy,Catholic_clergy_jesuit  	Male		italian	
46948.0	Theodor Bussaeus	Theodor	Bussaeus			Catholic,Catholic_clergy,Catholic_clergy_jesuit  	Male		latin	
46949.0	Johann Buxtorf	Johann	Buxtorf	antiquarianism		Protestant	Male	Author	latin	
46950.0	Pietro Maria Cavina	Pietro Maria			government,government_leadership	Catholic	Male	Author	latin	
46952.0	Philipp Callmus	Philipp	Callmus			Catholic,Catholic_clergy,Catholic_clergy_jesuit  	Male		latin	
46953.0	Giuseppe Candone	Giuseppe	Candone			Catholic,Catholic_clergy,Catholic_clergy_jesuit  	Male		italian	
46957.0	Gianantonio Caprini	Gianantonio	Caprini		elite,government,government_leadership	Catholic,Catholic_clergy,Catholic_clergy_jesuit,Catholic_clergy_leadership  	Male		italian	
46958.0	Francesco Carli	Francesco	Carli			Catholic,Catholic_clergy,Catholic_clergy_jesuit  	Male		italian, latin	
46961.0	Andreas Carmroth	Andreas	Carmroth	antiquarianism			Male		latin	
46963.0	Pierre Cazré	Pierre	Cazré	natural philosophy		Catholic,Catholic_clergy,Catholic_clergy_jesuit  	Male	Author	latin	
46964.0	Giovanni Domenico Cassini	Giovanni Domenico	Cassini	natural philosophy	professional,professional_academic,professional_astronomer	Catholic	Male	Author	latin	
46965.0	Juan de Castellas	Juan de	Castellas				Male		spanish	
46966.0	André Catulle	André	Catulle	other	elite,government,government_leadership	Catholic,Catholic_clergy,Catholic_clergy_leadership	Male	Author	french	
46968.0	Antonio Juan Centellas	Antonio Juan	Centellas		elite,government,government_leadership,nobility	Catholic	Male	Author	spanish	
46969.0	Cristoforo Centurio	Cristoforo	Centurio			Catholic,Catholic_clergy,Catholic_clergy_jesuit  	Male		italian	
46970.0	Marco Agapito Centurio	Marco Agapito	Centurio			Catholic,Catholic_clergy,Catholic_clergy_jesuit  	Male		latin	
46971.0	Pietro Cervieri	Pietro	Cervieri	natural philosophy	professional,professional_physician	Catholic	Male		italian	
46974.0	Antonio Ceschi di Santa Croce	Antonio	Ceschi di Santa Croce			Catholic,Catholic_clergy,Catholic_clergy_jesuit  	Male		latin	
46976.0	Marquis de Charleval		Charleval				Male		french	
46977.0	François Charpentier	François	Charpentier	antiquarianism	professional,professional_archaeologist		Male	Author		
46978.0	Aimé Chézaud	Aimé	Chézaud			Catholic,Catholic_clergy,Catholic_clergy_jesuit  	Male		latin, arabic, latin,arabic, italian	
46979.0	Giovanni Paolo Chiaranda	Giovanni Paolo	Chiaranda	antiquarianism		Catholic,Catholic_clergy,Catholic_clergy_jesuit  	Male	Author	italian	
46980.0	Pierre François Chifflet	Pierre François	Chifflet			Catholic,Catholic_clergy,Catholic_clergy_jesuit  	Male	Author	latin	
46981.0	Johann Christenius	Johann	Christenius	other	professional,professional_academic	Protestant	Male	Author	latin	
46982.0	[unidentified] Christoph	[unidentified]	Christoph			Catholic,Catholic_clergy	Male		latin	
46983.0	Johannes Ciermans	Johannes	Ciermans			Catholic,Catholic_clergy,Catholic_clergy_jesuit  	Male	Author	latin	
46984.0	Thomas Clagius (Klage)	Thomas	Clagius (Klage)			Catholic,Catholic_clergy,Catholic_clergy_jesuit  	Male		latin	
46985.0	Wolfgang Kaspar Clengel	Wolfgang Kaspar	Clengel	other	professional,professional_architect		Male		italian	
46986.0	Giuseppe Coccia	Giuseppe	Coccia				Male		italian, latin	
46987.0	Matthieu Compain	Matthieu	Compain			Catholic,Catholic_clergy,Catholic_clergy_jesuit	Male		latin, french	
46988.0	Juan Ramón de Coninck	Juan Ramón de	Coninck			Catholic,Catholic_clergy,Catholic_clergy_jesuit	Male		latin	
46989.0	Balthasar Conrad	Balthasar	Conrad			Catholic,Catholic_clergy,Catholic_clergy_jesuit	Male		latin	
46993.0	Lodewijk Cools van Tetrode	Lodewijk	Cools van Tetrode				Male		latin	
46994.0	Gottfried Cörler	Gottfried	Cörler			Catholic,Catholic_clergy,Catholic_clergy_jesuit  	Male		latin, latin,italian	
46995.0	Melchior Cornaeus	Melchior	Cornaeus	religion		Catholic,Catholic_clergy,Catholic_clergy_jesuit  	Male	Author	latin	
46996.0	Juan Correa	Juan	Correa			Catholic,Catholic_clergy	Male		italian	
46997.0	Carlo Costanzo Costa	Carlo Costanzo	Costa				Male	Author	italian	
46998.0	Georg Crisanius	Georg	Crisanius	antiquarianism,religion,music,other 		Catholic,Catholic_clergy	Male	Author	latin	
46999.0	Hermann Crombach	Hermann	Crombach	religion		Catholic,Catholic_clergy,Catholic_clergy_jesuit  	Male	Author	latin	
47000.0	Albrecht Curtz	Albrecht	Curtz			Catholic,Catholic_clergy,Catholic_clergy_jesuit  	Male		latin	
47001.0	Carlo Cusani	Carlo	Cusani			Catholic,Catholic_clergy,Catholic_clergy_jesuit  	Male		italian	
47002.0	Giulio Cuzzio	Giulio	Cuzzio			Catholic,Catholic_clergy,Catholic_clergy_jesuit  	Male		italian, latin,italian	
47003.0	Jean Baptiste Cysat	Jean Baptiste	Cysat	natural philosophy		Catholic,Catholic_clergy,Catholic_clergy_jesuit  	Male	Author	latin	
47007.0	Hubert Dauxon	Hubert	Dauxon			Catholic,Catholic_clergy,Catholic_clergy_jesuit  	Male		latin,hebrew	
47009.0	Reinhold Dehnig (Dehn)	Reinhold	Dehnig (Dehn)			Catholic,Catholic_clergy,Catholic_clergy_jesuit  	Male		latin, latin,greek	
47010.0	Peter Philipp von Dernbach	Peter Philipp von	Dernbach		elite,government,government_leadership,government_major ruling family,nobility	Catholic,Catholic_clergy,Catholic_clergy_leadership	Male		latin, italian, german	
47012.0	Ulrich Dirrhaimer	Ulrich	Dirrhaimer	religion		Catholic,Catholic_clergy,Catholic_clergy_jesuit  	Male	Author	latin	
47013.0	Jakob Johann Wenzel Dobrzenski de Nigro Ponte	Jakob Johann Wenzel	Dobrzenski de Nigro Ponte	natural philosophy	professional,professional_physician,professional_academic	Catholic	Male	Author	latin	
47014.0	John Dodington	John	Dodington		government,elite	Protestant	Male		italian, latin	
47015.0	Giovanni Battista Doni	Giovanni Battista	Doni	music	professional,professional_academic	Catholic	Male	Author	latin, italian	
47017.0	Niccolò Dorrigato	Niccolò	Dorrigato				Male		italian	
47018.0	Johannes Drukenbrot	Johannes	Drukenbrot			Catholic,Catholic_clergy,Catholic_clergy_jesuit  	Male		latin	
47019.0	Philippe Sylvestre Dufour	Philippe Sylvestre	Dufour		professional,professional_merchant	Protestant	Male	Author	latin	
47020.0	Jacques Honoré Durand	Jacques Honoré	Durand			Catholic,Catholic_clergy,Catholic_clergy_jesuit  	Male		latin	
47021.0	Salvatore Durando	Salvatore	Durando				Male		hebrew	
47022.0	Vincenzo Durante	Vincenzo	Durante				Male		italian	
47023.0	Tomasso Ederi	Tomasso	Ederi				Male		italian	
47024.0	Willem van den Eede	Willem van den	Eede			Catholic,Catholic_clergy,Catholic_clergy_jesuit  	Male	Author	latin	
47025.0	Johann Elichmann	Johann	Elichmann	antiquarianism,natural philosophy	professional,professional_physician	Protestant	Male	Author	latin	
47026.0	Lodewijk Elsevier	Lodewijk	Elsevier		professional,professional_printer	Protestant	Male		french	
47027.0	Ferdinand Elwanger	Ferdinand	Elwanger			Catholic,Catholic_clergy,Catholic_clergy_jesuit  	Male		latin	
47028.0	Christoph Emertz	Christoph	Emertz				Male		latin	
47029.0	Gaspard Emmanuel	Gaspard	Emmanuel			Catholic,Catholic_clergy,Catholic_clergy_jesuit  	Male		latin	
47030.0	Johann Andreas Endter	Johann Andreas	Endter		professional,professional_publisher		Male		latin	
47031.0	Wolfgang Endter	Wolfgang	Endter		professional,professional_publisher		Male		latin	
47032.0	Veit Erbermann	Veit	Erbermann	religion,other	professional,professional_book agent	Catholic,Catholic_clergy,Catholic_clergy_jesuit  	Male	Author	latin	
47033.0	Christoph Alphons von Erdödi	Christoph Alphons von	Erdödi		elite,government,government_leadership,nobility	Catholic	Male		latin, italian	
47035.0	Albert Otto Faber	Albert Otto	Faber	natural philosophy	professional,professional_physician	Protestant	Male		latin	
47036.0	Joseph Wilhelm Faber	Joseph Wilhelm	Faber			Catholic,Catholic_clergy,Catholic_clergy_jesuit  	Male		latin	
47037.0	Johann Matthäus Faber	Johann Matthäus	Faber	natural philosophy	professional,professional_physician	Protestant	Male		latin	
47038.0	Antonio Maria Fabbrini	Antonio Maria	Fabbrini				Male		italian	
47039.0	Constantino Fabrizzio	Constantino	Fabrizzio	natural philosophy	professional,professional_physician		Male		italian	
47040.0	Agostino Favoriti	Agostino	Favoriti	poetry	government	Catholic	Male	Author	italian	
47041.0	Stefano Felici	Stefano	Felici				Male		italian	
47043.0	Simon Felix	Simon	Felix			Catholic,Catholic_clergy,Catholic_clergy_jesuit  	Male		latin	
47044.0	Albrecht Ernst von Freyberg	Albrecht Ernst von	Freyberg				Male		latin	
47046.0	Hans Jakob Froberger	Hans Jakob	Froberger	music	professional,professional_composer,professional_musician	Catholic,Catholic_convert	Male		german	
47047.0	Marcantonio Gaeotti	Marcantonio	Gaeotti				Male		latin,hebrew	
47048.0	Renée Gaigeart	Renée	Gaigeart				Male		french	
47049.0	Georg Gailer	Georg	Gailer			Catholic,Catholic_clergy,Catholic_clergy_jesuit  	Male		latin	
47050.0	Johann Gans	Johann	Gans			Catholic,Catholic_clergy,Catholic_clergy_jesuit,Catholic_clergy_confessor  	Male	Author	latin	
47051.0	Giovanni Gartino	Giovanni	Gartino				Male		german	
47052.0	Pierre Gassendi	Pierre	Gassendi	natural philosophy,antiquarianism		Catholic,Catholic_clergy	Male	Author		
47053.0	Giovanni Battista Gatto	Giovanni Battista	Gatto				Male		latin	
47054.0	Paganinus Gaudentius	Paganinus	Gaudentius	antiquarianism	professional,professional_academic	Catholic,Catholic_convert	Male	Author	latin	
47056.0	Friedrich Geiger	Friedrich	Geiger			Catholic,Catholic_clergy,Catholic_clergy_jesuit  	Male		latin	
47058.0	Wolfgang Gelb	Wolfgang	Gelb			Catholic,Catholic_clergy,Catholic_clergy_jesuit  	Male		latin	
47059.0	Aegidius Gelenius	Aegidius	Gelenius	antiquarianism,religion	government,government_leadership	Catholic,Catholic_clergy,Catholic_clergy_leadership	Male	Author	latin	
47060.0	Amerdey Gening	Amerdey	Gening				Male		italian	
47061.0	Cornelius Gentilotti	Cornelius	Gentilotti			Catholic,Catholic_clergy,Catholic_clergy_jesuit  	Male	Author	latin	
47063.0	Duke of Schleswig-Holstein Georg Christian	Duke of Schleswig-Holstein	Georg Christian		government,government_leadership,government_major ruling family,nobility	Protestant	Male		latin	
47064.0	Johannes Gerwick	Johannes	Gerwick				Male		latin, italian	
47065.0	Bernhard Geyer	Bernhard	Geyer			Catholic,Catholic_clergy,Catholic_clergy_jesuit,Catholic_clergy_confessor  	Male		latin	
47066.0	James Alban Gibbes	James Alban	Gibbes	poetry,natural philosophy 	professional,professional_physician	Catholic	Male	Author	italian, latin	
47068.0	Giulio Giustiniani	Giulio	Giustiniani	other	elite,government,government_leadership	Catholic	Male		italian	
47070.0	Francesco Gizzio	Francesco	Gizzio			Catholic,Catholic_clergy	Male	Author	italian	
47071.0	Giovanni Camillo Glorioso	Giovanni Camillo	Glorioso	natural philosophy	professional,professional_academic	Catholic	Male	Author	latin	
47072.0	Georges Gobat	Georges	Gobat	religion		Catholic,Catholic_clergy,Catholic_clergy_jesuit  	Male	Author	latin	
47073.0	Jacobus Golius	Jacobus	Golius	antiquarianism,natural philosophy	professional,professional_academic	Protestant	Male	Author	latin	
47076.0	Pierre de Gourdan	Pierre de	Gourdan			Catholic,Catholic_clergy,Catholic_clergy_jesuit  	Male	Author	french	
47077.0	Johann Hartmann Gramann	Johann Hartmann	Gramann	natural philosophy	professional,professional_physician		Male	Author	latin	
47078.0	Jacques Grandami	Jacques	Grandami	natural philosophy		Catholic,Catholic_clergy,Catholic_clergy_jesuit  	Male	Author	latin	
47079.0	Jacobus Gratz	Jacobus	Gratz			Catholic,Catholic_clergy,Catholic_clergy_jesuit  	Male		latin	
47080.0	Udalrico Grisgoni	Udalrico	Grisgoni			Catholic,Catholic_clergy,Catholic_clergy_jesuit  	Male		latin	
47081.0	Johann Friedrich Gronow (Gronovius)	Johann Friedrich	Gronow (Gronovius)	antiquarianism	professional,professional_academic	Protestant	Male		latin	
47082.0	Johann Grothaus	Johann	Grothaus			Catholic,Catholic_clergy,Catholic_clergy_jesuit  	Male		latin	
47083.0	Christoph Stanislas Gruszynski	Christoph Stanislas	Gruszynski			Catholic,Catholic_clergy,Catholic_clergy_jesuit  	Male		latin	
47084.0	Isaac Gruterus	Isaac	Gruterus	natural philosophy,antiquarianism	professional,professional_editor,professional_translator	Protestant	Male	Editor	latin	
47085.0	Gioseffo Gualdi	Gioseffo	Gualdi	antiquarianism		Catholic	Male		italian	
47086.0	Ferdinand Gugler	Ferdinand	Gugler			Catholic,Catholic_clergy,Catholic_clergy_jesuit  	Male		latin	
47087.0	Ulrich Friedrich Guldenlöwe	Ulrich Friedrich	Guldenlöwe		elite,government,government_leadership,nobility	Protestant	Male		italian	
47089.0	Wilhelm Gumppenberg	Wilhelm	Gumppenberg			Catholic,Catholic_clergy,Catholic_clergy_jesuit  	Male	Author	latin	
47090.0	Roderique Guyzet	Roderique	Guyzet			Catholic,Catholic_clergy,Catholic_clergy_jesuit  	Male		latin	
47092.0	Michael Anton Hach	Michael Anton	Hach		elite,government,government_leadership	Catholic,Catholic_clergy,Catholic_clergy_leadership	Male		latin	
47093.0	Leonhard Hahn	Leonhard	Hahn			Catholic,Catholic_clergy	Male		latin	
47094.0	Georg Haller	Georg	Haller				Male		latin	
47095.0	Severino Han	Severino	Han			Catholic,Catholic_clergy,Catholic_clergy_jesuit  	Male		latin	
47096.0	Melchior Balthasar Hanel	Melchior Balthasar	Hanel			Catholic,Catholic_clergy,Catholic_clergy_jesuit  	Male		latin	
47097.0	Gerhard Hansen	Gerhard	Hansen			Catholic,Catholic_clergy,Catholic_clergy_jesuit  	Male		latin	
47098.0	Hieronymus Harder	Hieronymus	Harder	antiquarianism	professional,professional_academic	Protestant	Male	Author	latin,arabic, latin	
47099.0	Georg Philipp Harsdörffer	Georg Philipp	Harsdörffer		elite,government,government_leadership	Protestant	Male	Author	latin	
47100.0	Franz Ernst von Hartenberg	Franz Ernst von	Hartenberg		elite,government,government_leadership,nobility	Catholic	Male		latin	
47101.0	Jakob Hartmann	Jakob	Hartmann			Catholic,Catholic_clergy,Catholic_clergy_jesuit  	Male		latin	
47102.0	Siegmund Ferdinand Hartmann	Siegmund Ferdinand	Hartmann	natural philosophy		Catholic,Catholic_clergy,Catholic_clergy_jesuit  	Male	Author	latin	
47103.0	August Hauptmann	August	Hauptmann	natural philosophy	professional,professional_physician		Male	Author	latin	
47104.0	Johann Heim	Johann	Heim			Catholic,Catholic_clergy,Catholic_clergy_jesuit  	Male		latin	
47105.0	Johann Hellwig	Johann	Hellwig	natural philosophy,travel	professional,professional_physician	Protestant	Male		latin	
47106.0	Leonard Helm	Leonard	Helm		government,government_leadership	Catholic,Catholic_clergy,Catholic_clergy_leadership	Male		latin	
47107.0	Franz Hendl	Franz	Hendl			Catholic,Catholic_clergy,Catholic_clergy_jesuit  	Male		latin	
47108.0	Michael Hennawer	Michael	Hennawer			Catholic,Catholic_clergy,Catholic_clergy_jesuit  	Male		latin	
47109.0	Gottfried Henschius	Gottfried	Henschius			Catholic,Catholic_clergy,Catholic_clergy_jesuit  	Male		latin	
47110.0	Bartholomé d' Herbelot	Bartholomé d'	Herbelot	antiquarianism	professional,professional_academic,professional_interpreter	Catholic	Male	Author	latin	
47111.0	Wolfgang Christian Herdtrich	Wolfgang Christian	Herdtrich			Catholic,Catholic_clergy,Catholic_clergy_jesuit  	Male	Author	latin	
47112.0	Johann Hermanns	Johann	Hermanns			Catholic,Catholic_clergy,Catholic_clergy_jesuit  	Male		latin	
47113.0	Gabriel Hesson	Gabriel	Hesson			Catholic,Catholic_clergy,Catholic_clergy_jesuit  	Male		syriac	
47114.0	Johann Hevelius	Johann	Hevelius	natural philosophy	elite,government,government_leadership	Protestant	Male	Author	latin	
47115.0	Joachim Pastor von Hirtenberg	Joachim Pastor von	Hirtenberg	poetry,natural philosophy 	professional,professional_physician	Catholic,Catholic_convert	Male		latin	
47116.0	Giovanni Battista Hodierna	Giovanni Battista	Hodierna	natural philosophy		Catholic,Catholic_clergy	Male	Author	latin	
47117.0	Johann Wolfgang Hoeckner	Johann Wolfgang	Hoeckner		elite,government,government_leadership		Male	Author	latin	
47118.0	Alexander Hofer	Alexander	Hofer		elite,government,government_leadership	Catholic,Catholic_clergy,Catholic_clergy_leadership	Male		latin	
47119.0	Georg Hoffmann	Georg	Hoffmann				Male		latin	
47120.0	Lucas Holstenius	Lucas	Holstenius	antiquarianism	professional,professional_librarian	Catholic,Catholic_convert	Male	Author	latin	
47121.0	Johann Honigh	Johann	Honigh		elite,government,government_leadership	Protestant	Male		french, latin	
47122.0	Andreas Sixtus Hörrer	Andreas Sixtus	Hörrer			Catholic,Catholic_clergy	Male	Author	latin, italian	
47123.0	Hermann Horst	Hermann	Horst			Catholic,Catholic_clergy,Catholic_clergy_jesuit  	Male		latin	
47124.0	Johann Daniel Horst	Johann Daniel	Horst	natural philosophy	professional,professional_physician		Male	Author	latin	
47125.0	Kilian Hötting	Kilian	Hötting		elite,government,government_leadership	Catholic,Catholic_clergy,Catholic_clergy_leadership	Male		latin	
47127.0	Maximilian Benedikt von Hrzan	Maximilian Benedikt von	Hrzan		elite,government,government_leadership,nobility	Catholic	Male		latin	
47128.0	Andreas Huck	Andreas	Huck			Catholic,Catholic_clergy,Catholic_clergy_jesuit  	Male		latin	
47130.0	Melchior Inchofer	Melchior	Inchofer	religion,natural philosophy,other		Catholic,Catholic_clergy,Catholic_clergy_jesuit  	Male	Author	latin	
47131.0	Prospero Intorcetta	Prospero	Intorcetta	travel,antiquarianism		Catholic,Catholic_clergy,Catholic_clergy_jesuit  	Male	Author	italian	
47132.0	Jakob Irsing	Jakob	Irsing	religion		Catholic,Catholic_clergy,Catholic_clergy_jesuit  	Male	Author	latin	
47133.0	Ercole Maria Isnardi	Ercole Maria	Isnardi			Catholic,Catholic_clergy,Catholic_clergy_jesuit  	Male		italian	
47134.0	Emerich Jacusith	Emerich	Jacusith		nobility	Catholic	Male		latin	
47135.0	Joannes Jansson van Waesberghe	Joannes	Jansson van Waesberghe	antiquarianism	professional,professional_publisher	Protestant	Male	Author	french, dutch	
47139.0	Philipp Kadus	Philipp	Kadus			Catholic,Catholic_clergy,Catholic_clergy_jesuit  	Male		latin	
47140.0	Adam Kalckhoven	Adam	Kalckhoven			Catholic,Catholic_clergy,Catholic_clergy_jesuit  	Male		latin	
47141.0	Jodocus (alias Theodor Berck) Kedd	Jodocus (alias Theodor Berck)	Kedd	religion	professional,professional_book agent	Catholic,Catholic_clergy,Catholic_clergy_jesuit  	Male	Author	latin	
47142.0	Kaspar Keller	Kaspar	Keller			Catholic,Catholic_clergy	Male		latin	
47143.0	Alphonsus Khonn (Kuhn)	Alphonsus	Khonn (Kuhn)	natural philosophy	professional,professional_physician		Male	Author	latin,italian, latin, italian	
47144.0	Cyprian Kinner	Cyprian	Kinner	natural philosophy,other	professional,professional_physician	Protestant	Male	Author	latin	
47145.0	Andreas Kircher	Andreas	Kircher			Catholic,Catholic_clergy	Male		latin	
47146.0	Andreas Kobavius	Andreas	Kobavius			Catholic,Catholic_clergy,Catholic_clergy_jesuit  	Male	Author	latin	
47147.0	Adam Adamandus Kochanski	Adam Adamandus	Kochanski	natural philosophy		Catholic,Catholic_clergy,Catholic_clergy_jesuit  	Male	Author	latin,italian, latin	
47148.0	Johann Franz von Kollowrath	Johann Franz von	Kollowrath		elite,government,government_leadership,nobility	Catholic	Male		latin, italian	
47150.0	Johann König	Johann	König			Catholic,Catholic_clergy,Catholic_clergy_jesuit  	Male		latin	
47151.0	Stanislas Koprowski	Stanislas	Koprowski			Catholic,Catholic_clergy,Catholic_clergy_jesuit  	Male		latin	
47152.0	Johann Ferdinand Körning	Johann Ferdinand	Körning	travel		Catholic,Catholic_convert,Catholic_clergy,Catholic_clergy_jesuit	Male	Author	latin	
47153.0	Benjamin Krause	Benjamin	Krause				Male	Author	latin	
47155.0	Oswald Krüger	Oswald	Krüger			Catholic,Catholic_clergy,Catholic_clergy_jesuit  	Male	Author	latin	
47156.0	Quirinus Kuhlmann	Quirinus	Kuhlmann	poetry,religion		Protestant	Male	Author	latin	
47157.0	Johann Georg Kuler	Johann Georg	Kuler			Catholic,Catholic_clergy,Catholic_clergy_jesuit  	Male		greek	
47158.0	François de La Chaise	François de	La Chaise	religion		Catholic,Catholic_clergy,Catholic_clergy_jesuit  	Male	Author	latin	
47159.0	Antoine de Lalouvère	Antoine de	Lalouvère			Catholic,Catholic_clergy,Catholic_clergy_jesuit  	Male	Author	latin	
47160.0	Philibert de La Mare	Philibert de	La Mare	antiquarianism	elite,government,government_leadership	Protestant	Male	Author	latin	
47161.0	Ottavio Lancelloti	Ottavio	Lancelloti			Catholic	Male	Author	latin	
47162.0	Friedrich von Landsberg	Friedrich von	Landsberg				Male		latin	
47163.0	Villum Lange	Villum	Lange	natural philosophy	professional,professional_academic	Protestant	Male	Author	latin	
47164.0	Hieronymus Ambrosius Langenmantel	Hieronymus Ambrosius	Langenmantel	natural philosophy		Catholic	Male	Author	latin	
47165.0	Friedrich Christian Langetl	Friedrich Christian	Langetl			Catholic	Male		latin	
47166.0	Vicente Juan de Lastanosa	Vicente Juan de	Lastanosa	other	elite,nobility	Catholic	Male	Author	spanish	
47168.0	Giovanni Francesco Laurenti	Giovanni Francesco	Laurenti	natural philosophy		Catholic	Male		italian	
47169.0	Vincent Leautaud	Vincent	Leautaud	natural philosophy		Catholic,Catholic_clergy,Catholic_clergy_jesuit  	Male	Author	latin	
47170.0	Lorenzo Legato	Lorenzo	Legato	natural philosophy	professional,professional_physician		Male		latin	
47171.0	Gottfried Wilhelm Leibniz	Gottfried Wilhelm	Leibniz	natural philosophy	professional,professional_librarian,professional_mathematician	Protestant	Male	Author	latin,greek	
47172.0	Martino Leitam	Martino	Leitam			Catholic,Catholic_clergy,Catholic_clergy_jesuit  	Male		italian	
47173.0	Thomas de Leon	Thomas de	Leon			Catholic,Catholic_clergy,Catholic_clergy_jesuit  	Male		latin,hebrew, latin	
47174.0	Ignazio Leonardi	Ignazio	Leonardi			Catholic,Catholic_clergy,Catholic_clergy_jesuit  	Male		latin	
47175.0	Donato Angelo di Lettieri	Donato Angelo di	Lettieri	music	professional,professional_singer	Catholic	Male		italian	
47176.0	Iacintho Libelli	Iacintho	Libelli		elite,government,government_leadership	Catholic,Catholic_clergy,Catholic_clergy_leadership	Male		italian	
47177.0	Felipe Liberto	Felipe	Liberto			Catholic,Catholic_clergy,Catholic_clergy_jesuit  	Male		spanish	
47179.0	Bernhard von Linnius	Bernhard von	Linnius			Catholic,Catholic_clergy,Catholic_clergy_jesuit  	Male		latin	
47181.0	Jean Lombard	Jean	Lombard	religion		Catholic,Catholic_clergy,Catholic_clergy_jesuit  	Male	Author	italian	
47184.0	Elia Giorgio Loreti	Elia Giorgio	Loreti		professional,professional_physician		Male		latin	
47186.0	Domenico Magri	Domenico	Magri	antiquarianism	professional,professional_translator	Catholic,Catholic_clergy	Male	Author	latin, italian	
47187.0	Raffaello Maffei	Raffaello	Maffei				Male		italian, latin	
47188.0	Lorenzo Magalotti	Lorenzo	Magalotti	natural philosophy,poetry	elite,government	Catholic,Catholic_clergy,Catholic_clergy_jesuit	Male	Author	italian	
47190.0	Joannes Magirus	Joannes	Magirus	natural philosophy	professional,professional_physician		Male	Author	latin	
47191.0	Giovanni Crisostomo Magneni	Giovanni Crisostomo	Magneni	natural philosophy	professional,professional_physician	Catholic	Male		latin	
47192.0	Cornelio Magni	Cornelio	Magni	travel,religion		Catholic	Male	Author	italian	
47193.0	François Malaval	François	Malaval	poetry		Catholic,Catholic_clergy,Catholic_clergy_jesuit  	Male	Author	latin	
47194.0	Bernhard von Mallinkrodt	Bernhard von	Mallinkrodt		elite,government,government_leadership,nobility	Catholic,Catholic_convert,Catholic_clergy,Catholic_clergy_leadership	Male	Author	latin	
47195.0	Claude Maltrait	Claude	Maltrait	antiquarianism,other		Catholic,Catholic_clergy,Catholic_clergy_jesuit	Male	Author	latin, french	
47196.0	Leopold Mancinus	Leopold	Mancinus			Catholic,Catholic_clergy,Catholic_clergy_jesuit,Catholic_clergy_confessor  	Male	Author	latin	
47197.0	Antonio Maria Manfredi	Antonio Maria	Manfredi			Catholic,Catholic_clergy,Catholic_clergy_jesuit  	Male	Author	italian	
47200.0	Hendrick Marcellius	Hendrick	Marcellius			Catholic,Catholic_clergy,Catholic_clergy_jesuit  	Male	Author	latin	
47201.0	Lorenzo di Marciano	Lorenzo di	Marciano				Male		italian	
47202.0	Jean Jacques Markwart	Jean Jacques	Markwart			Catholic,Catholic_clergy,Catholic_clergy_jesuit  	Male		latin	
47203.0	Luigi Marracci	Luigi	Marracci	antiquarianism		Catholic,Catholic_clergy,Catholic_clergy_jesuit  	Male	Author	latin	
47204.0	Francesco Martini	Francesco	Martini			Catholic,Catholic_clergy,Catholic_clergy_jesuit  	Male		italian, latin	
47208.0	Giovanni Filippo Marucelli	Giovanni Filippo	Marucelli		government	Catholic	Male		latin	
47209.0	Nicolò Mascardi	Nicolò	Mascardi	travel		Catholic,Catholic_clergy,Catholic_clergy_jesuit  	Male		latin, italian	
47211.0	Francisco de Mascarenhas	Francisco de	Mascarenhas			Catholic,Catholic_clergy,Catholic_clergy_jesuit  	Male		latin	
47212.0	Giacomo Maso	Giacomo	Maso	natural philosophy		Catholic,Catholic_clergy,Catholic_clergy_jesuit  	Male	Author	italian	
47214.0	Pierre Massol	Pierre	Massol		elite,government,government_leadership		Male		latin	
47215.0	Lorenz Mattenkloth	Lorenz	Mattenkloth			Catholic,Catholic_clergy,Catholic_clergy_jesuit  	Male		latin	
47216.0	Ercole Mattioli	Ercole	Mattioli			Catholic,Catholic_clergy,Catholic_clergy_jesuit  	Male	Author	italian	
47217.0	Evangelista Matutino	Evangelista	Matutino			Catholic,Catholic_clergy,Catholic_clergy_jesuit  	Male		italian	
47218.0	Lusitano de Mello	Lusitano de	Mello				Male		latin	
47219.0	Baldassare Loyola Mendes (Mendez)	Baldassare Loyola	Mendes (Mendez)			Catholic,Catholic_clergy,Catholic_clergy_jesuit  	Male		italian	
47220.0	Cristoforo Mendoça	Cristoforo	Mendoça			Catholic,Catholic_clergy,Catholic_clergy_jesuit  	Male		latin	
47221.0	Ferdinando de Mendoça	Ferdinando de	Mendoça			Catholic,Catholic_clergy,Catholic_clergy_jesuit  	Male	Author	latin	
47222.0	Jean Menecard	Jean	Menecard			Catholic,Catholic_clergy	Male		latin	
47223.0	Gaspard de Mère	Gaspard de	Mère				Male		latin	
47224.0	Marin Mersenne	Marin	Mersenne	religion,natural philosophy,music		Catholic,Catholic_clergy	Male	Author	latin,italian, latin	
47226.0	Andreas Mikker	Andreas	Mikker			Catholic,Catholic_clergy,Catholic_clergy_jesuit  	Male		latin	
47227.0	Johann Baptist Miller	Johann Baptist	Miller				Male		italian	
47228.0	François Aimé-de-Dieu Milliet	François Aimé-de-Dieu	Milliet		government,government_leadership,nobility	Catholic,Catholic_clergy,Catholic_clergy_leadership	Male		italian, latin	
47229.0	Johann Misch	Johann	Misch			Catholic,Catholic_clergy,Catholic_clergy_jesuit  	Male		latin	
47230.0	Heinrich Modersohn	Heinrich	Modersohn			Catholic,Catholic_clergy,Catholic_clergy_jesuit  	Male		latin, italian	
47232.0	Jacobus Molinaeus	Jacobus	Molinaeus	natural philosophy	professional,professional_surgeon		Male		latin	
47233.0	Daniel Wilhelm Moller	Daniel Wilhelm	Moller	antiquarianism	professional,professional_academic	Protestant	Male	Author	latin	
47234.0	Levin Claus Moltke	Levin Claus	Moltke		elite,government,government_leadership		Male	Author	latin	
47235.0	Guido Montalbani	Guido	Montalbani			Catholic,Catholic_clergy	Male		italian	
47236.0	Ovidio Montalbani	Ovidio	Montalbani	natural philosophy,antiquarianism,other	professional,professional_academic	Catholic	Male	Author	italian, latin	
47237.0	Raimondo Montecuccoli	Raimondo	Montecuccoli	natural philosophy,other	elite,government,government_leadership,nobility	Catholic	Male	Author	german	
47238.0	Giovanni Montel (Montiel)	Giovanni	Montel (Montiel)	travel		Catholic,Catholic_clergy,Catholic_clergy_jesuit  	Male		italian	
47239.0	Casimiro de Monte Vecchio	Casimiro de	Monte Vecchio			Catholic,Catholic_clergy	Male		italian	
47242.0	Jean Morin	Jean	Morin	religion		Catholic,Catholic_convert,Catholic_clergy	Male	Author	latin	
47243.0	Carlo Moscheni	Carlo	Moscheni	other	professional_jurist	Catholic	Male	Author	latin, italian	
47244.0	Job Mucamez	Job	Mucamez			Jewish	Male		hebrew	
47245.0	Andreas Müller	Andreas	Müller	antiquarianism		Protestant	Male	Author	latin	
47246.0	Walter Mumelbroth	Walter	Mumelbroth			Catholic,Catholic_clergy,Catholic_clergy_jesuit  	Male		latin	
47247.0	Georg Müntzer	Georg	Müntzer	music	professional,professional_choir leader	Catholic	Male	Author	latin	
47248.0	Sir Robert Moray	Sir Robert	Moray	natural philosophy		Protestant	Male	Author	latin, french	
47249.0	Vicente Mutz	Vicente	Mutz	natural philosophy,antiquarianism	professional,professional_engineer,government,government_leadership,elite	Catholic	Male		latin, spanish	
47250.0	Johann Nadasi	Johann	Nadasi	antiquarianism		Catholic,Catholic_clergy,Catholic_clergy_jesuit  	Male	Author	latin	
47251.0	Giovanni Nardi	Giovanni	Nardi	natural philosophy	professional,professional_physician	Catholic	Male	Author	latin, italian	
47252.0	Carlo Nardini	Carlo	Nardini				Male		italian	
47253.0	François Joseph de Nay	François Joseph de	Nay		elite,government,government_leadership,nobility	Catholic,Catholic_clergy,Catholic_clergy_leadership	Male		italian	
47254.0	Cornelio Neagri	Cornelio	Neagri				Male		italian	
47255.0	Francesco Negri	Francesco	Negri	travel,religion		Catholic,Catholic_clergy	Male	Author	italian	
47256.0	Christian Neuburger	Christian	Neuburger			Catholic,Catholic_clergy,Catholic_clergy_jesuit  	Male		latin	
47258.0	Claude Nicaise	Claude	Nicaise			Catholic,Catholic_clergy	Male	Author	latin, italian	
47259.0	Jean François Niceron	Jean François	Niceron	natural philosophy		Catholic,Catholic_clergy	Male	Author	latin	
47262.0	Francesco Nigido	Francesco	Nigido	music,religion		Catholic	Male		italian	
47263.0	Barthold Nihus	Barthold	Nihus	religion	elite,government,government_leadership	Catholic,Catholic_convert,Catholic_clergy,Catholic_clergy_leadership	Male	Author	latin	
47264.0	Emericus Noharius	Emericus	Noharius			Catholic,Catholic_clergy,Catholic_clergy_jesuit  	Male		latin	
47268.0	Christoph Offenhausen	Christoph	Offenhausen			Catholic,Catholic_clergy,Catholic_clergy_jesuit  	Male	Author	latin	
47269.0	Paul Olanowski	Paul	Olanowski			Catholic,Catholic_clergy,Catholic_clergy_jesuit  	Male		latin	
47271.0	Giambattista Orsucci	Giambattista	Orsucci	antiquarianism		Catholic	Male		italian	
47272.0	Albert d' Orville	Albert d'	Orville	travel		Catholic,Catholic_clergy,Catholic_clergy_jesuit  	Male		latin	
47273.0	Christoph Ott	Christoph	Ott			Catholic,Catholic_clergy,Catholic_clergy_jesuit  	Male	Author	latin	
47274.0	Pierre d' Outreman (Oultreman)	Pierre d'	Outreman (Oultreman)	religion		Catholic,Catholic_clergy,Catholic_clergy_jesuit  	Male	Author	latin	
47276.0	Cesare Paleari	Cesare	Paleari				Male		italian	
47277.0	Martin Palkowich	Martin	Palkowich			Catholic,Catholic_clergy,Catholic_clergy_jesuit  	Male		latin	
47278.0	Ranuccio Pallavicini	Ranuccio	Pallavicini		elite,government,government_leadership,nobility	Catholic,Catholic_clergy,Catholic_clergy_leadership	Male	Author	italian	
47279.0	Daniel (van) Papebroch (Papenbroeck)	Daniel (van)	Papebroch (Papenbroeck)			Catholic,Catholic_clergy,Catholic_clergy_jesuit  	Male	Author	latin	
47280.0	Nicolas Pappadopolis	Nicolas	Pappadopolis				Male		greek	
47281.0	Ignace Gaston Pardies	Ignace Gaston	Pardies	natural philosophy		Catholic,Catholic_clergy,Catholic_clergy_jesuit  	Male	Author	latin	
47282.0	Pedro de Burdeos Pardo	Pedro de Burdeos	Pardo			Catholic,Catholic_clergy	Male		spanish	
47283.0	Torquato Parisiani	Torquato	Parisiani			Catholic,Catholic_clergy,Catholic_clergy_jesuit  	Male		latin	
47284.0	Adrien de Parvilliers	Adrien de	Parvilliers	religion		Catholic,Catholic_clergy,Catholic_clergy_jesuit  	Male	Author	latin,french,arabic, french	
47285.0	Giovanni Pietro Pasquale	Giovanni Pietro	Pasquale	religion		Catholic,Catholic_clergy,Catholic_clergy_jesuit  	Male	Author	italian	
47286.0	Christian Franz Paullini	Christian Franz	Paullini	antiquarianism,natural philosophy	professional,professional_physician	Protestant	Male	Author	latin	
47287.0	[unidentified] Pavias	[unidentified]	Pavias				Male		italian	
47288.0	Antoine François Payen	Antoine François	Payen	natural philosophy	professional,professional_juriconsult,professional_astronomer		Male	Author	italian, latin, french	
47289.0	Nicolas Claude Fabri de Peiresc	Nicolas Claude Fabri de	Peiresc	natural philosophy,antiquarianism,other	professional,professional_lawyer,nobility	Catholic	Male	Author	french	
47290.0	Heinrich Günther von Peschwitz	Heinrich Günther von	Peschwitz		government,government_leadership	Protestant	Male		latin	
47291.0	Denis Petau	Denis	Petau	religion		Catholic,Catholic_clergy,Catholic_clergy_jesuit  	Male	Author	latin	
47292.0	Pierre Petit	Pierre	Petit	natural philosophy	professional,professional_engineer		Male	Author	latin	
47294.0	Daniel Pfeiffer	Daniel	Pfeiffer				Male		latin	
47295.0	Francesco Piccolomini	Francesco	Piccolomini			Catholic,Catholic_clergy,Catholic_clergy_jesuit,Catholic_clergy_leadership	Male	Author	italian	
47296.0	Charles Piget	Charles	Piget			Catholic,Catholic_clergy,Catholic_clergy_jesuit  	Male		latin	
47297.0	Valentin Pistor	Valentin	Pistor	religion	professional,professional_book agent	Catholic,Catholic_clergy	Male	Author	latin	
47298.0	Ferdinando del Plano	Ferdinando del	Plano		elite,government,government_leadership	Catholic,Catholic_clergy,Catholic_clergy_jesuit,Catholic_clergy_leadership	Male	Author	latin	
47300.0	Giovanni Battista Podestà	Giovanni Battista	Podestà	antiquarianism	professional,professional_academic,professional_interpreter	Catholic	Male	Author	latin, italian	
47301.0	Giovanni Antonio Porcinari	Giovanni Antonio	Porcinari				Male		italian	
47302.0	Ludwig Pouch	Ludwig	Pouch				Male		latin	
47303.0	Pierre Poussines	Pierre	Poussines	religion		Catholic,Catholic_clergy,Catholic_clergy_jesuit  	Male	Author	latin	
47304.0	Pietro Antonio Preti	Pietro Antonio	Preti				Male		italian	
47305.0	John Price	John	Price	antiquarianism	elite,government,government_leadership	Catholic	Male	Author	latin	
47306.0	Diego Ragusa	Diego	Ragusa	natural philosophy	professional,professional_physician	Catholic	Male		italian	
47307.0	Jakob Rautenfels	Jakob	Rautenfels	travel	nobility	Catholic,Catholic_convert	Male	Author	italian	
47308.0	Johann Ernst Rautenstein	Johann Ernst	Rautenstein		elite,government,government_leadership	Catholic,Catholic_convert	Male	Author	latin	
47309.0	Francesco Redi	Francesco	Redi	natural philosophy,poetry	professional,professional_physician	Catholic	Male	Author	italian	
47310.0	Johann Friedrich Reinhardt	Johann Friedrich	Reinhardt	travel,other	elite,government,government_leadership	Protestant	Male	Author	latin	
47312.0	Salomon Reisel	Salomon	Reisel	natural philosophy	professional,professional_physician	Protestant	Male	Author	latin	
47313.0	Simon Reniger	Simon	Reniger		government,nobility	Catholic	Male		latin	
47314.0	Cassien Rerde	Cassien	Rerde			Catholic,Catholic_clergy	Male		french	
47315.0	John Reyner	John	Reyner	antiquarianism			Male		latin, persian	
47318.0	François Richard	François	Richard			Catholic,Catholic_clergy,Catholic_clergy_jesuit  	Male	Author	latin	
47319.0	Carlo Rinaldini	Carlo	Rinaldini	natural philosophy	professional,professional_academic	Catholic	Male	Author	italian	
47320.0	Giovanni Battista Rinaldini	Giovanni Battista	Rinaldini		government,government_leadership	Catholic,Catholic_clergy,Catholic_clergy_leadership	Male		latin	
47321.0	Maria Antonia Riviera	Maria Antonia	Riviera				Female		italian	
47322.0	Johann Rhodius (Rode)	Johann	Rhodius (Rode)			Catholic,Catholic_clergy	Male	Author	latin, italian	
47324.0	Werner Rolfink	Werner	Rolfink	natural philosophy	professional,professional_physician	Protestant	Male	Author	latin	
47326.0	Heinrich Roth (Roa)	Heinrich	Roth (Roa)			Catholic,Catholic_clergy,Catholic_clergy_jesuit  	Male	Author	latin	
47327.0	Bernhard Rottendorff	Bernhard	Rottendorff	natural philosophy	professional,professional_physician		Male	Author	latin	
47329.0	Johann Heinrich Ruegh	Johann Heinrich	Ruegh				Male		latin	
47330.0	Galeazzo Sabbatini	Galeazzo	Sabbatini	music	professional,professional_composer,professional_music theorist	Catholic	Male	Author	italian	
47331.0	Philipp Jakob Sachs von Löwenheim	Philipp Jakob	Sachs von Löwenheim	natural philosophy	professional,professional_physician	Protestant	Male	Author	latin	
47332.0	Karl Saffyr	Karl	Saffyr				Male		latin	
47333.0	Gaspard de Varadier de Saint-Andiol	Gaspard de Varadier de	Saint-Andiol	poetry	elite,government,government_leadership,nobility	Catholic,Catholic_clergy,Catholic_clergy_leadership	Male	Author	latin	
47334.0	Jean-Baptiste Tonduty de Saint-Légier	Jean-Baptiste Tonduty de	Saint-Légier		elite,government,government_leadership		Male		latin	
47335.0	François de Saint-Rigaud	François de	Saint-Rigaud			Catholic,Catholic_clergy,Catholic_clergy_jesuit  	Male		latin	
47336.0	Grégoire de Saint-Vincent	Grégoire de	Saint-Vincent	natural philosophy		Catholic,Catholic_clergy,Catholic_clergy_jesuit  	Male	Author	latin	
47338.0	Giovanni Domenico de Saluzzo	Giovanni Domenico de	Saluzzo				Male		italian	
47339.0	Benedetto Salvago	Benedetto	Salvago	poetry,religion	government	Catholic	Male	Author	latin, italian, dutch	
47340.0	Christoph Sandius	Christoph	Sandius	religion	professional,professional_editor,professional_translator,professional_publisher	Protestant	Male	Author	latin	
47341.0	Raimond Sanset de Puy	Raimond	Sanset de Puy				Male		latin	
47342.0	Leone Santi	Leone	Santi		elite,government,government_leadership	Catholic,Catholic_clergy,Catholic_clergy_jesuit,Catholic_clergy_leadership  	Male	Author	italian	
47343.0	Martino Santini	Martino	Santini			Catholic,Catholic_clergy,Catholic_clergy_jesuit  	Male		latin	
47345.0	Eucher Sartorius	Eucher	Sartorius		elite,government,government_leadership	Catholic,Catholic_clergy,Catholic_clergy_jesuit,Catholic_clergy_leadership  	Male	Author	italian	
47346.0	Girolamo da Sassari	Girolamo da	Sassari			Catholic,Catholic_clergy	Male		italian	
47348.0	Henri Sauvalle	Henri	Sauvalle	antiquarianism	professional,professional_lawyer		Male	Author	french	
47349.0	Andrea Giulio Savini	Andrea Giulio	Savini			Catholic,Catholic_clergy,Catholic_clergy_jesuit  	Male		italian	
47350.0	Filippo Sbarra	Filippo	Sbarra	music	professional,professional_librettist		Male	Author	italian	
47351.0	Vito Scafili	Vito	Scafili			Catholic,Catholic_clergy,Catholic_clergy_jesuit  	Male		italian, latin	
47352.0	Salvatore Scarducci	Salvatore	Scarducci			Catholic,Catholic_clergy,Catholic_clergy_jesuit  	Male	Author	italian	
47353.0	Andreas Schaffer	Andreas	Schaffer			Catholic,Catholic_clergy,Catholic_clergy_jesuit  	Male		latin	
47355.0	Gotthard Franz von Schaffgotsch	Gotthard Franz von	Schaffgotsch		elite,government,government_leadership,nobility	Catholic,Catholic_clergy,Catholic_clergy_leadership	Male		latin	
47356.0	Georg Schaidenperger	Georg	Schaidenperger	natural philosophy	professional,professional_physician	Catholic,Catholic_clergy,Catholic_clergy_jesuit  	Male		latin	
47359.0	Johann Ernst Scheffer	Johann Ernst	Scheffer				Male		latin	
47360.0	Christoph Scheiner	Christoph	Scheiner	natural philosophy		Catholic,Catholic_clergy,Catholic_clergy_jesuit  	Male	Author	latin	
47361.0	Joseph Theodor Schenck	Joseph Theodor	Schenck	natural philosophy	professional,professional_physician,professional_academic	Protestant	Male		latin	
47362.0	Adam Schirmbeck	Adam	Schirmbeck	other		Catholic,Catholic_clergy,Catholic_clergy_jesuit  	Male	Author	latin	
47364.0	Franz Ernst von Schlick	Franz Ernst von	Schlick		elite,government,government_leadership,nobility	Catholic	Male		latin	
47365.0	Michael Schorn	Michael	Schorn				Male		german	
47366.0	Kaspar Schott	Kaspar	Schott	natural philosophy		Catholic,Catholic_clergy,Catholic_clergy_jesuit  	Male	Author	latin, italian, italian, latin	
47367.0	Lucas d. J. Schroek	Lucas d. J.	Schroek	natural philosophy	professional,professional_physician		Male	Author	latin	
47368.0	Johann Schücking	Johann	Schücking			Catholic,Catholic_clergy,Catholic_clergy_jesuit  	Male	Author	latin	
47369.0	Simon Schürer	Simon	Schürer			Catholic,Catholic_clergy,Catholic_clergy_jesuit  	Male	Author	latin	
47371.0	Matteo Sebastiani	Matteo	Sebastiani			Catholic,Catholic_clergy,Catholic_clergy_jesuit  	Male		latin	
47372.0	Alessandro Segni	Alessandro	Segni	natural philosophy	government,professional,professional_librarian	Catholic	Male	Author	italian	
47373.0	Hugo Semple	Hugo	Semple	natural philosophy		Catholic,Catholic_clergy,Catholic_clergy_jesuit  	Male	Author	latin	
47374.0	Gaspar de Servoulles	Gaspar de	Servoulles			Catholic,Catholic_clergy,Catholic_clergy_jesuit  	Male		french	
47375.0	Manfredo Settala	Manfredo	Settala	other		Catholic,Catholic_clergy	Male	Author	italian	
47376.0	Kaspar Sevenstern	Kaspar	Sevenstern			Catholic,Catholic_clergy,Catholic_clergy_jesuit  	Male	Author	latin	
47377.0	Marcaurelio Severino	Marcaurelio	Severino	natural philosophy	professional,professional_physician	Catholic	Male		latin, italian	
47378.0	Giovanni Andrea Severo	Giovanni Andrea	Severo				Male		italian	
47379.0	Marcello Severolo	Marcello	Severolo		elite,government,government_leadership	Catholic,Catholic_clergy,Catholic_clergy_leadership	Male		latin	
47380.0	Eberhard Sigler	Eberhard	Sigler			Catholic,Catholic_clergy	Male		latin	
47381.0	Clemente Silvestri	Clemente	Silvestri			Catholic,Catholic_clergy,Catholic_clergy_jesuit  	Male		italian	
47382.0	Moses Simon de Monte Libano	Moses	Simon de Monte Libano				Male		latin, arabic	
47383.0	Carlo Sinibaldi	Carlo	Sinibaldi	music	nobility	Catholic	Male	Author	italian	
47384.0	Karl Sinich (Sing)	Karl	Sinich (Sing)			Catholic,Catholic_clergy,Catholic_clergy_jesuit  	Male		latin	
47386.0	Karl Soll	Karl	Soll			Catholic,Catholic_clergy,Catholic_clergy_jesuit  	Male		latin	
47387.0	Baldassaro Sozzifanti	Baldassaro	Sozzifanti				Male		italian	
47388.0	Stanislas Solski	Stanislas	Solski	natural philosophy		Catholic,Catholic_clergy,Catholic_clergy_jesuit  	Male	Author	latin	
47389.0	Martin Sonderegher	Martin	Sonderegher			Catholic,Catholic_clergy,Catholic_clergy_jesuit  	Male		latin	
47390.0	Walter Sonnenberg	Walter	Sonnenberg	travel		Catholic,Catholic_clergy,Catholic_clergy_jesuit  	Male		latin	
47391.0	Duchess of Braunschweig-Lüneburg Sophie	Duchess of Braunschweig-Lüneburg	Sophie	poetry,music	elite,government,government_leadership,government_major ruling family,nobility	Protestant	Female	Author	italian	
47392.0	Mariano Sozzino	Mariano	Sozzino				Male		italian	
47393.0	Georg Spaiser	Georg	Spaiser			Catholic,Catholic_clergy,Catholic_clergy_jesuit  	Male	Author	latin	
47394.0	Albrecht Spieh	Albrecht	Spieh			Catholic,Catholic_clergy,Catholic_clergy_jesuit  	Male		latin	
47395.0	Giovanni Andrea Spinola	Giovanni Andrea	Spinola			Catholic,Catholic_clergy,Catholic_clergy_jesuit  	Male	Author	italian	
47396.0	Giovanni Battista Spinola	Giovanni Battista	Spinola		elite,government,government_leadership,nobility	Catholic,Catholic_clergy,Catholic_clergy_leadership	Male		italian	
47397.0	Theophil Spizel	Theophil	Spizel	religion		Protestant,Protestant_clergy	Male	Author	latin	
47398.0	Valentin Stansel (Estansel) de Castro	Valentin	Stansel (Estansel) de Castro	natural philosophy		Catholic,Catholic_clergy,Catholic_clergy_jesuit  	Male	Author	latin	
47399.0	Conrad Balthasar von Stahrenberg	Conrad Balthasar von	Stahrenberg		elite,government,government_leadership,nobility	Catholic	Male		german	
47400.0	Michael Staudacher	Michael	Staudacher			Catholic,Catholic_clergy,Catholic_clergy_jesuit  	Male	Author	latin	
47401.0	Valentin Steber	Valentin	Steber	natural philosophy	professional,professional_physician	Catholic	Male		latin, italian	
47402.0	Daniel Steiß	Daniel	Steiß				Male		latin	
47403.0	Christoph Stettinger	Christoph	Stettinger			Catholic,Catholic_clergy,Catholic_clergy_jesuit  	Male		latin	
47404.0	Nicolaus Stobaeus	Nicolaus	Stobaeus			Catholic,Catholic_clergy,Catholic_clergy_jesuit  	Male	Author	latin	
47405.0	Franz Storer	Franz	Storer	travel		Catholic,Catholic_clergy,Catholic_clergy_jesuit  	Male		latin	
47406.0	Johann Storheber	Johann	Storheber			Catholic,Catholic_clergy,Catholic_clergy_jesuit  	Male		latin	
47407.0	Matthaeus Storr	Matthaeus	Storr			Catholic,Catholic_clergy,Catholic_clergy_jesuit  	Male		latin	
47408.0	Giovanni Filippo Strada (alias Wegerer)	Giovanni Filippo	Strada (alias Wegerer)				Male		italian	
47409.0	Gilbert Talbot	Gilbert	Talbot			Catholic,Catholic_clergy,Catholic_clergy_jesuit  	Male		italian	
47410.0	Francesco Maria Tassara	Francesco Maria	Tassara			Catholic,Catholic_clergy,Catholic_clergy_jesuit  	Male		italian	
47411.0	Matteo Taverna	Matteo	Taverna			Catholic,Catholic_clergy,Catholic_clergy_jesuit  	Male	Author	italian	
47412.0	Paolo Antonio Terentii	Paolo Antonio	Terentii				Male		italian	
47413.0	Antonio Terillo	Antonio	Terillo	religion		Catholic,Catholic_clergy,Catholic_clergy_jesuit  	Male	Author	italian	
47414.0	Ignaz Teylin	Ignaz	Teylin			Catholic,Catholic_clergy,Catholic_clergy_jesuit  	Male		italian	
47415.0	Johann Tilemann	Johann	Tilemann	religion,natural philosophy		Protestant	Male	Author	latin, greek	
47416.0	Evangelista Torricelli	Evangelista	Torricelli	natural philosophy	professional,professional_mathematician	Catholic	Male	Author	latin, italian	
47417.0	Bartolomeo Torrini	Bartolomeo	Torrini	natural philosophy	professional,professional_physician	Catholic	Male	Author	italian	
47418.0	Zacharias Traber	Zacharias	Traber	natural philosophy		Catholic,Catholic_clergy,Catholic_clergy_jesuit  	Male	Author	latin	
47419.0	Francesco Travagin	Francesco	Travagin	natural philosophy	professional,professional_physician	Catholic	Male		latin, italian	
47420.0	Matthias Abdias Treu	Matthias Abdias	Treu	religion,natural philosophy		Protestant	Male	Author	german	
47421.0	Lelio da Treviso	Lelio da	Treviso			Catholic,Catholic_clergy	Male		italian	
47422.0	Zacharias Ignaz Trinkellii	Zacharias Ignaz	Trinkellii			Catholic,Catholic_clergy,Catholic_clergy_jesuit  	Male		latin	
47423.0	Eusebius Truchses	Eusebius	Truchses			Catholic,Catholic_clergy,Catholic_clergy_jesuit  	Male	Author	italian	
47424.0	Albert (Wojciech) Tylkowski	Albert (Wojciech)	Tylkowski	natural philosophy		Catholic,Catholic_clergy,Catholic_clergy_jesuit  	Male	Author	latin, italian	
47425.0	Karl Ultsch	Karl	Ultsch			Catholic,Catholic_clergy,Catholic_clergy_jesuit  	Male		latin	
47426.0	Antoine Valat	Antoine	Valat			Catholic,Catholic_clergy,Catholic_clergy_jesuit  	Male		latin	
47427.0	Pietro Pellegrino della Valle	Pietro Pellegrino della	Valle	other,travel,antiquarianism	nobility	Catholic	Male	Author	latin	
47429.0	Giovanni Francesco Vanni	Giovanni Francesco	Vanni	natural philosophy		Catholic,Catholic_clergy,Catholic_clergy_jesuit  	Male	Author	italian	
47430.0	Philipp Ernst Vegelin van Claerbergen	Philipp Ernst	Vegelin van Claerbergen		elite,government,nobility	Protestant	Male		german	
47431.0	Georg Vehr	Georg	Vehr				Male		italian	
47432.0	Ferdinand Verbiest	Ferdinand	Verbiest	travel,natural philosophy		Catholic,Catholic_clergy,Catholic_clergy_jesuit  	Male	Author	french, dutch	
47433.0	Pierre Verne	Pierre	Verne			Catholic,Catholic_clergy,Catholic_clergy_jesuit  	Male		latin	
47434.0	Henricus Verstegen	Henricus	Verstegen				Male		latin	
47435.0	Johann Vesling	Johann	Vesling	natural philosophy	professional,professional_academic	Catholic	Male	Author	latin	
47436.0	Gaspard Veyron	Gaspard	Veyron				Male		latin	
47437.0	Diego Vicente de Vidania	Diego Vicente de	Vidania	other		Catholic,Catholic_clergy	Male	Author	spanish	
47438.0	Antonio Vischi	Antonio	Vischi			Catholic,Catholic_clergy,Catholic_clergy_jesuit  	Male		italian	
47439.0	Muzio Vitelleschi	Muzio	Vitelleschi		government,government_leadership,nobility	Catholic,Catholic_clergy,Catholic_clergy_jesuit,Catholic_clergy_leadership 	Male	Author	italian, latin	
47440.0	Jacques Viva (Fiva)	Jacques	Viva (Fiva)			Catholic,Catholic_clergy,Catholic_clergy_jesuit  	Male		latin	
47441.0	Vincenzo Viviani	Vincenzo	Viviani	natural philosophy	professional,professional_mathematician	Catholic	Male	Author	italian	
47443.0	Simon Wagnereck (Wangnereck)	Simon	Wagnereck (Wangnereck)			Catholic,Catholic_clergy,Catholic_clergy_jesuit  	Male		latin	
47445.0	Johann Jakob Walther	Johann Jakob	Walther	music	professional,professional_musician	Catholic,Catholic_clergy	Male	Author	latin, italian	
47448.0	Albrecht Ernst von Wartenberg	Albrecht Ernst von	Wartenberg		elite,government,government_leadership,nobility	Catholic,Catholic_clergy,Catholic_clergy_leadership	Male	Author	latin	
47450.0	Johann Konrad Wechtler	Johann Konrad	Wechtler	natural philosophy	professional,professional_physician	Catholic	Male	Author	latin	
47451.0	Wilhelm Weilhamer	Wilhelm	Weilhamer	religion		Catholic,Catholic_clergy,Catholic_clergy_jesuit  	Male	Author	latin,german	
47452.0	Franz Weinhardt	Franz	Weinhardt		elite,government,government_leadership	Catholic,Catholic_clergy,Catholic_clergy_leadership	Male		latin	
47453.0	Gottfried Wendelin	Gottfried	Wendelin	natural philosophy	professional,professional_educator,professional_cartographer	Catholic,Catholic_clergy	Male	Author	latin	
47454.0	Christoph Werckmann	Christoph	Werckmann	other	professional,professional_merchant		Male	Author	german	
47455.0	Thomas Werner	Thomas	Werner			Catholic,Catholic_clergy,Catholic_clergy_jesuit  	Male		latin	
47457.0	Elisé van Weyerstraet	Elisé van	Weyerstraet		professional,professional_publisher	Protestant	Male		french, dutch	
47458.0	Joachim de Wicquefort	Joachim de	Wicquefort		government,nobility	Protestant	Male	Author	latin	
47459.0	Andreas Wiegand	Andreas	Wiegand			Catholic,Catholic_clergy,Catholic_clergy_jesuit  	Male		latin	
47460.0	Melchior Wiegand	Melchior	Wiegand			Catholic	Male			
47461.0	Franz Wiesenbach	Franz	Wiesenbach			Catholic,Catholic_clergy,Catholic_clergy_jesuit  	Male		latin	
47462.0	Christoph Wilpenhofer	Christoph	Wilpenhofer			Catholic,Catholic_clergy,Catholic_clergy_jesuit  	Male		latin	
47463.0	Alexandre Wiltheim	Alexandre	Wiltheim	religion		Catholic,Catholic_clergy,Catholic_clergy_jesuit  	Male	Author	latin	
47468.0	José Zaragoza	José	Zaragoza	natural philosophy		Catholic,Catholic_clergy,Catholic_clergy_jesuit  	Male	Author	latin	
47469.0	Gregorio Zellani	Gregorio	Zellani				Male		italian	
47470.0	Giovanni Battista Zupi	Giovanni Battista	Zupi	natural philosophy		Catholic,Catholic_clergy,Catholic_clergy_jesuit  	Male	Author	latin, italian	
47471.0	Otto van Zyll	Otto van	Zyll			Catholic,Catholic_clergy,Catholic_clergy_jesuit  	Male	Author	latin	
47476.0	Johannes Wirtlin	Johannes	Wirtlin			Catholic,Catholic_clergy	Male		latin	
47481.0	Count of Brienne Henri Louis	Count of Brienne	Henri Louis		elite,government,government_leadership,nobility	Protestant	Male		latin	
47482.0	Christian Augustin Flader	Christian Augustin	Flader		elite,government	Catholic	Male		latin, german	
47483.0	Martin Fogelius	Martin	Fogelius	natural philosophy	professional,professional_physician,professional_academic		Male		latin	
47484.0	Georges Fournier	Georges	Fournier	travel		Catholic,Catholic_clergy,Catholic_clergy_jesuit  	Male	Author	latin	
47485.0	Abraham von Frankenberg	Abraham von	Frankenberg	religion,poetry		Protestant	Male	Author	latin	
47486.0	Antonio Francesco Del Monte	Antonio Francesco	Del Monte				Male		latin	
47487.0	Francesco Luigi Gualdo	Francesco Luigi	Gualdo		elite,nobility	Catholic	Male		italian	
47488.0	Ferdinand Bocholz	Ferdinand	Bocholz		elite,government,government_leadership	Catholic,Catholic_clergy,Catholic_clergy_leadership	Male		latin	
47489.0	Leonard Marius	Leonard	Marius			Catholic,Catholic_clergy	Male	Author	latin	
47492.0	François Felix	François	Felix	natural philosophy	professional,professional_physician		Male		latin	
47504.0	unidentified cleric	unidentified	cleric				Male		italian	
47506.0	Johann Friedrich von Wallenstein	Johann Friedrich von	Wallenstein		elite,government,government_leadership,nobility	Catholic,Catholic_clergy,Catholic_clergy_leadership	Male		latin	
47507.0	Giovanni Antonio Coprini	Giovanni Antonio	Coprini			Catholic,Catholic_clergy,Catholic_clergy_jesuit  	Male		italian	
47512.0	Thadaeus Damsoniensis	Thadaeus	Damsoniensis		elite,government,government_leadership	Catholic,Catholic_clergy	Male		latin	
47513.0	Giovanni Nicolò Conti	Giovanni Nicolò	Conti		elite,government,government_leadership,nobility	Catholic,Catholic_clergy,Catholic_clergy_leadership	Male		italian	
47518.0	Electus praelatus Saganesis Xyste	Electus praelatus Saganesis	Xyste				Male		latin	
47519.0	Christian Gunthard Osten	Christian Gunthard	Osten				Male		italian	
47520.0	Marcello di Santacroce	Marcello di	Santacroce		elite,government,government_leadership,nobility	Catholic,Catholic_clergy,Catholic_clergy_leadership	Male		italian	
47521.0	Pio di Savoia	Pio di	Savoia		elite,government,government_leadership,nobility	Catholic,Catholic_clergy,Catholic_clergy_leadership	Male		italian	
47522.0	Gennaro di Bisogni	Gennaro di	Bisogni				Male		italian	
47523.0	Filippo Grimaldi	Filippo	Grimaldi	travel		Catholic,Catholic_clergy,Catholic_clergy_jesuit  	Male		italian	
47525.0	Georg Welz	Georg	Welz	other	professional,professional_merchant	Protestant	Male		italian	
47527.0	Vincenzo Fano	Vincenzo	Fano	religion	professional,professional_academic	Catholic	Male			
47533.0	unidentified gentleman	unidentified	gentleman				Male		latin	
47534.0	unidentified count	unidentified	count				Male		latin, german	
47535.0	unidentified Jesuit	unidentified	Jesuit			Catholic,Catholic_clergy,Catholic_clergy_jesuit  	Male		latin	
47542.0	King of the Romans Ferdinand IV	King of the Romans	Ferdinand IV		elite,government,government_leadership,government_major ruling family,nobility	Catholic	Male			
47545.0	Conrad Wicelius	Conrad	Wicelius			Catholic	Male		latin	
47547.0	Ferdinand Slavata	Ferdinand	Slavata		elite,government,government_leadership,nobility	Catholic	Male		latin	
47554.0	governor of [unidentified] Perugia	governor of [unidentified]	Perugia				Male		latin	
47556.0	Johann Philipp Schönborn	Johann Philipp	Schönborn	religion	elite,government,government_leadership,government_major ruling family,nobility	Catholic,Catholic_clergy,Catholic_clergy_leadership	Male	Author		
47562.0	Francecho Grego	Francecho	Grego		elite,government,government_leadership	Catholic,Catholic_clergy,Catholic_clergy_leadership	Male		italian	
47564.0	Pope (Giulio Rospigliosi) Clement IX	Pope (Giulio Rospigliosi)	Clement IX		elite,government,government_leadership,government_major ruling family,nobility	Catholic,Catholic_clergy,Catholic_clergy_jesuit,Catholic_clergy_leadership  	Male		italian	
47565.0	Bernhard Gustav von Baden	Bernhard Gustav von	Baden-Durlach		elite,government,government_leadership,nobility	Catholic,Catholic_clergy,Catholic_clergy_leadership,Catholic_convert	Male		latin	
47566.0	Michelangelo Conti	Michelangelo	Conti		elite,government,government_leadership,government_major ruling family,nobility	Catholic,Catholic_clergy,Catholic_clergy_leadership  	Male		italian	
47567.0	Carlo di Theodoli	Carlo di	Theodoli	other	elite,government,government_leadership,nobility	Catholic	Male		italian	
47577.0	Giacomo Scafili	Giacomo	Scafili			Catholic,Catholic_clergy,Catholic_clergy_jesuit  	Male		italian, latin	
47578.0	Botuito Nericio	Botuito	Nericio				Male		italian	
47579.0	Michele Massa	Michele	Massa			Catholic,Catholic_clergy,Catholic_clergy_jesuit  	Male		italian	
47582.0	Johannes Hassbaski	Johannes	Hassbaski				Male		latin	
47583.0	[unidentified] Ferrari	[unidentified]	Ferrari				Male		italian	
47590.0	Duke of [unidentified] Sabioneta	Duke of [unidentified]	Sabioneta				Male			
47602.0	Jean Ferrand	Jean	Ferrand			Catholic,Catholic_clergy,Catholic_clergy_jesuit  	Male	Author	latin	
47605.0	Jean Charles Della Faille	Jean Charles	Della Faille	natural philosophy		Catholic,Catholic_clergy,Catholic_clergy_jesuit  	Male	Author	latin, spanish	
47609.0	Georg Dierdorff	Georg	Dierdorff			Catholic,Catholic_clergy,Catholic_clergy_jesuit  	Male		latin	
47610.0	Marc de Billy	Marc de	Billy			Catholic,Catholic_clergy,Catholic_clergy_jesuit  	Male		french	
47617.0	Francesco Alberto	Francesco	Alberto			Catholic,Catholic_clergy,Catholic_clergy_jesuit  	Male		italian	
47620.0	Johann Abraham Pömer	Johann Abraham	Pömer		elite,government,government_leadership	Protestant	Male		latin	
47621.0	Ludwig Hopff	Ludwig	Hopff		government	Catholic	Male		latin, hebrew	
47624.0	[unidentified] Gusmans	[unidentified]	Gusmans				Male		latin	
47628.0	Giovanni Battista Visconti	Giovanni Battista	Visconti				Male		italian	
47633.0	Erminoi Pantogiotes (?)	Erminoi	Pantogiotes (?)				Male		greek	
47637.0	Ignazio Arcamone	Ignazio	Arcamone	travel		Catholic,Catholic_clergy,Catholic_clergy_jesuit  	Male	Author	italian,hebrew,greek	
47638.0	Lucio Caracara	Lucio	Caracara				Male		italian	
47650.0	Jodocus Kalckhoven	Jodocus	Kalckhoven		professional,professional_publisher,professional_bookseller	Catholic	Male		latin	
47658.0	Wilhelm Ferstein	Wilhelm	Ferstein			Catholic,Catholic_clergy,Catholic_clergy_jesuit  	Male		latin, italian	
49573.0	Cosimo de' Medici, grand duke of Tuscany	Cosimo III.  de'	Medici, grand duke of Tuscany		elite,government,government_leadership,government_major ruling family,nobility	Catholic	Male			
52812.0	Carlos Sigüenza y Góngora	Carlos	Sigüenza y Góngora			Catholic,Catholic_clergy	Male	Author		
52861.0	Théodore Moret	Théodore	Moret	natural philosophy		Catholic,Catholic_clergy,Catholic_clergy_jesuit  	Male	Author	latin	
52862.0	Melchior Otto	Melchior	Otto		elite,government,government_leadership,government_major ruling family,nobility	Catholic,Catholic_clergy,Catholic_clergy_leadership	Male	Author		
52865.0	Ambrosio Landucci	Ambrosio	Landucci	antiquarianism	elite,government,government_leadership,nobility	Catholic,Catholic_clergy,Catholic_clergy_leadership	Male	Author		
52871.0	Leone Allacci (Leo Allatius)	Leone	Allacci	religion	professional,professional_librarian,professional_physician	Catholic,Catholic_convert	Male	Author		
52872.0	Lukas, d.A. Schroek	Lukas, d.A.	Schroek	natural philosophy	professional,professional_physician		Male	Author		
52874.0	Friedrich III. Duke of Schleswig-Holstein-Gottorf	Friedrich III.	Duke of Schleswig-Holstein-Gottorf		elite,government,government_leadership,government_major ruling family,nobility	Protestant	Male	Author	latin	
52875.0	Georg Lippay	Georg	Lippay		elite,government,government_leadership,nobility	Catholic,Catholic_clergy,Catholic_clergy_leadership	Male			
52876.0	Antonio Barberini	Antonio	Barberini		elite,government,government_leadership,government_major ruling family,nobility	Catholic,Catholic_clergy,Catholic_clergy_leadership	Male			
52877.0	Francesco Angelo Rapaccioli	Francesco Angelo	Rapaccioli		elite,government,government_leadership,nobility	Catholic,Catholic_clergy,Catholic_clergy_leadership	Male	Author		
52878.0	Bernardino Spada	Bernardino	Spada		elite,government,government_leadership,nobility	Catholic,Catholic_clergy,Catholic_clergy_leadership	Male			
52879.0	Johann Martin Hirt	Johann Martin	Hirt		elite,government,government_leadership	Protestant	Male			
